ReferenceAllele,AlternateAllele,ClinicalSignificance,Target,ref_enc,alt_enc,ref_A,ref_C,ref_G,ref_T,alt_A,alt_C,alt_G,alt_T,is_transition,ref_is_gc,alt_is_gc,purine_to_pyrimidine,pyrimidine_to_purine,ref_alt_product,allele_delta
C,G,Benign,0,1,2,0,1,0,0,0,0,1,0,0,1,1,0,1,2,1
A,C,Pathogenic,1,0,1,1,0,0,0,0,1,0,0,0,0,1,1,0,0,1
T,A,Benign,0,3,0,0,0,0,1,1,0,0,0,0,0,0,0,1,0,3
T,G,Benign,0,3,2,0,0,0,1,0,0,1,0,0,0,1,0,1,6,1
G,C,Benign,0,2,1,0,0,1,0,0,1,0,0,0,1,1,1,0,2,1
T,A,Benign,0,3,0,0,0,0,1,1,0,0,0,0,0,0,0,1,0,3
A,C,Benign,0,0,1,1,0,0,0,0,1,0,0,0,0,1,1,0,0,1
A,G,Benign,0,0,2,1,0,0,0,0,0,1,0,1,0,1,0,0,0,2
T,G,Benign,0,3,2,0,0,0,1,0,0,1,0,0,0,1,0,1,6,1
G,A,Benign,0,2,0,0,0,1,0,1,0,0,0,1,1,0,0,0,0,2
C,G,Benign,0,1,2,0,1,0,0,0,0,1,0,0,1,1,0,1,2,1
G,A,Pathogenic,1,2,0,0,0,1,0,1,0,0,0,1,1,0,0,0,0,2
T,G,Benign,0,3,2,0,0,0,1,0,0,1,0,0,0,1,0,1,6,1
A,T,Benign,0,0,3,1,0,0,0,0,0,0,1,0,0,0,1,0,0,3
T,G,Benign,0,3,2,0,0,0,1,0,0,1,0,0,0,1,0,1,6,1
G,A,Benign,0,2,0,0,0,1,0,1,0,0,0,1,1,0,0,0,0,2
C,G,Benign,0,1,2,0,1,0,0,0,0,1,0,0,1,1,0,1,2,1
A,C,Benign,0,0,1,1,0,0,0,0,1,0,0,0,0,1,1,0,0,1
G,A,Pathogenic,1,2,0,0,0,1,0,1,0,0,0,1,1,0,0,0,0,2
G,C,Benign,0,2,1,0,0,1,0,0,1,0,0,0,1,1,1,0,2,1
C,G,Benign,0,1,2,0,1,0,0,0,0,1,0,0,1,1,0,1,2,1
T,C,Pathogenic,1,3,1,0,0,0,1,0,1,0,0,1,0,1,0,0,3,2
G,C,Benign,0,2,1,0,0,1,0,0,1,0,0,0,1,1,1,0,2,1
A,C,Benign,0,0,1,1,0,0,0,0,1,0,0,0,0,1,1,0,0,1
A,T,Benign,0,0,3,1,0,0,0,0,0,0,1,0,0,0,1,0,0,3
G,A,Benign,0,2,0,0,0,1,0,1,0,0,0,1,1,0,0,0,0,2
A,C,Benign,0,0,1,1,0,0,0,0,1,0,0,0,0,1,1,0,0,1
T,C,Benign,0,3,1,0,0,0,1,0,1,0,0,1,0,1,0,0,3,2
A,G,Benign,0,0,2,1,0,0,0,0,0,1,0,1,0,1,0,0,0,2
T,A,Pathogenic,1,3,0,0,0,0,1,1,0,0,0,0,0,0,0,1,0,3
G,A,Benign,0,2,0,0,0,1,0,1,0,0,0,1,1,0,0,0,0,2
G,C,Benign,0,2,1,0,0,1,0,0,1,0,0,0,1,1,1,0,2,1
T,A,Benign,0,3,0,0,0,0,1,1,0,0,0,0,0,0,0,1,0,3
T,C,Benign,0,3,1,0,0,0,1,0,1,0,0,1,0,1,0,0,3,2
A,T,Benign,0,0,3,1,0,0,0,0,0,0,1,0,0,0,1,0,0,3
C,G,Pathogenic,1,1,2,0,1,0,0,0,0,1,0,0,1,1,0,1,2,1
G,A,Benign,0,2,0,0,0,1,0,1,0,0,0,1,1,0,0,0,0,2
C,G,Benign,0,1,2,0,1,0,0,0,0,1,0,0,1,1,0,1,2,1
A,G,Pathogenic,1,0,2,1,0,0,0,0,0,1,0,1,0,1,0,0,0,2
C,T,Benign,0,1,3,0,1,0,0,0,0,0,1,1,1,0,0,0,3,2
T,A,Benign,0,3,0,0,0,0,1,1,0,0,0,0,0,0,0,1,0,3
T,A,Benign,0,3,0,0,0,0,1,1,0,0,0,0,0,0,0,1,0,3
C,A,Benign,0,1,0,0,1,0,0,1,0,0,0,0,1,0,0,1,0,1
T,C,Pathogenic,1,3,1,0,0,0,1,0,1,0,0,1,0,1,0,0,3,2
G,C,Benign,0,2,1,0,0,1,0,0,1,0,0,0,1,1,1,0,2,1
C,G,Benign,0,1,2,0,1,0,0,0,0,1,0,0,1,1,0,1,2,1
G,C,Benign,0,2,1,0,0,1,0,0,1,0,0,0,1,1,1,0,2,1
T,A,Benign,0,3,0,0,0,0,1,1,0,0,0,0,0,0,0,1,0,3
T,C,Benign,0,3,1,0,0,0,1,0,1,0,0,1,0,1,0,0,3,2
T,G,Pathogenic,1,3,2,0,0,0,1,0,0,1,0,0,0,1,0,1,6,1
G,A,Benign,0,2,0,0,0,1,0,1,0,0,0,1,1,0,0,0,0,2
T,G,Benign,0,3,2,0,0,0,1,0,0,1,0,0,0,1,0,1,6,1
C,A,Benign,0,1,0,0,1,0,0,1,0,0,0,0,1,0,0,1,0,1
G,A,Pathogenic,1,2,0,0,0,1,0,1,0,0,0,1,1,0,0,0,0,2
T,A,Benign,0,3,0,0,0,0,1,1,0,0,0,0,0,0,0,1,0,3
G,C,Benign,0,2,1,0,0,1,0,0,1,0,0,0,1,1,1,0,2,1
T,C,Benign,0,3,1,0,0,0,1,0,1,0,0,1,0,1,0,0,3,2
A,C,Benign,0,0,1,1,0,0,0,0,1,0,0,0,0,1,1,0,0,1
G,C,Pathogenic,1,2,1,0,0,1,0,0,1,0,0,0,1,1,1,0,2,1
G,A,Benign,0,2,0,0,0,1,0,1,0,0,0,1,1,0,0,0,0,2
C,A,Benign,0,1,0,0,1,0,0,1,0,0,0,0,1,0,0,1,0,1
A,C,Benign,0,0,1,1,0,0,0,0,1,0,0,0,0,1,1,0,0,1
T,G,Benign,0,3,2,0,0,0,1,0,0,1,0,0,0,1,0,1,6,1
A,C,Benign,0,0,1,1,0,0,0,0,1,0,0,0,0,1,1,0,0,1
G,T,Benign,0,2,3,0,0,1,0,0,0,0,1,0,1,0,1,0,6,1
A,T,Benign,0,0,3,1,0,0,0,0,0,0,1,0,0,0,1,0,0,3
T,G,Benign,0,3,2,0,0,0,1,0,0,1,0,0,0,1,0,1,6,1
T,A,Benign,0,3,0,0,0,0,1,1,0,0,0,0,0,0,0,1,0,3
T,A,Benign,0,3,0,0,0,0,1,1,0,0,0,0,0,0,0,1,0,3
G,C,Benign,0,2,1,0,0,1,0,0,1,0,0,0,1,1,1,0,2,1
A,T,Pathogenic,1,0,3,1,0,0,0,0,0,0,1,0,0,0,1,0,0,3
C,T,Pathogenic,1,1,3,0,1,0,0,0,0,0,1,1,1,0,0,0,3,2
C,A,Benign,0,1,0,0,1,0,0,1,0,0,0,0,1,0,0,1,0,1
T,C,Benign,0,3,1,0,0,0,1,0,1,0,0,1,0,1,0,0,3,2
A,G,Benign,0,0,2,1,0,0,0,0,0,1,0,1,0,1,0,0,0,2
T,G,Benign,0,3,2,0,0,0,1,0,0,1,0,0,0,1,0,1,6,1
G,T,Benign,0,2,3,0,0,1,0,0,0,0,1,0,1,0,1,0,6,1
G,T,Benign,0,2,3,0,0,1,0,0,0,0,1,0,1,0,1,0,6,1
T,G,Benign,0,3,2,0,0,0,1,0,0,1,0,0,0,1,0,1,6,1
G,C,Benign,0,2,1,0,0,1,0,0,1,0,0,0,1,1,1,0,2,1
G,A,Pathogenic,1,2,0,0,0,1,0,1,0,0,0,1,1,0,0,0,0,2
A,T,Pathogenic,1,0,3,1,0,0,0,0,0,0,1,0,0,0,1,0,0,3
C,T,Pathogenic,1,1,3,0,1,0,0,0,0,0,1,1,1,0,0,0,3,2
G,T,Benign,0,2,3,0,0,1,0,0,0,0,1,0,1,0,1,0,6,1
T,A,Benign,0,3,0,0,0,0,1,1,0,0,0,0,0,0,0,1,0,3
C,A,Pathogenic,1,1,0,0,1,0,0,1,0,0,0,0,1,0,0,1,0,1
A,C,Benign,0,0,1,1,0,0,0,0,1,0,0,0,0,1,1,0,0,1
T,A,Benign,0,3,0,0,0,0,1,1,0,0,0,0,0,0,0,1,0,3
G,A,Pathogenic,1,2,0,0,0,1,0,1,0,0,0,1,1,0,0,0,0,2
A,G,Pathogenic,1,0,2,1,0,0,0,0,0,1,0,1,0,1,0,0,0,2
G,T,Benign,0,2,3,0,0,1,0,0,0,0,1,0,1,0,1,0,6,1
A,C,Benign,0,0,1,1,0,0,0,0,1,0,0,0,0,1,1,0,0,1
A,C,Benign,0,0,1,1,0,0,0,0,1,0,0,0,0,1,1,0,0,1
C,T,Benign,0,1,3,0,1,0,0,0,0,0,1,1,1,0,0,0,3,2
C,T,Pathogenic,1,1,3,0,1,0,0,0,0,0,1,1,1,0,0,0,3,2
C,T,Pathogenic,1,1,3,0,1,0,0,0,0,0,1,1,1,0,0,0,3,2
A,T,Benign,0,0,3,1,0,0,0,0,0,0,1,0,0,0,1,0,0,3
G,C,Pathogenic,1,2,1,0,0,1,0,0,1,0,0,0,1,1,1,0,2,1
G,C,Benign,0,2,1,0,0,1,0,0,1,0,0,0,1,1,1,0,2,1
T,A,Pathogenic,1,3,0,0,0,0,1,1,0,0,0,0,0,0,0,1,0,3
G,C,Benign,0,2,1,0,0,1,0,0,1,0,0,0,1,1,1,0,2,1
C,A,Benign,0,1,0,0,1,0,0,1,0,0,0,0,1,0,0,1,0,1
C,A,Benign,0,1,0,0,1,0,0,1,0,0,0,0,1,0,0,1,0,1
G,T,Benign,0,2,3,0,0,1,0,0,0,0,1,0,1,0,1,0,6,1
G,T,Pathogenic,1,2,3,0,0,1,0,0,0,0,1,0,1,0,1,0,6,1
A,T,Benign,0,0,3,1,0,0,0,0,0,0,1,0,0,0,1,0,0,3
G,T,Benign,0,2,3,0,0,1,0,0,0,0,1,0,1,0,1,0,6,1
G,A,Pathogenic,1,2,0,0,0,1,0,1,0,0,0,1,1,0,0,0,0,2
A,T,Benign,0,0,3,1,0,0,0,0,0,0,1,0,0,0,1,0,0,3
C,G,Pathogenic,1,1,2,0,1,0,0,0,0,1,0,0,1,1,0,1,2,1
G,C,Benign,0,2,1,0,0,1,0,0,1,0,0,0,1,1,1,0,2,1
C,A,Benign,0,1,0,0,1,0,0,1,0,0,0,0,1,0,0,1,0,1
G,T,Benign,0,2,3,0,0,1,0,0,0,0,1,0,1,0,1,0,6,1
T,A,Benign,0,3,0,0,0,0,1,1,0,0,0,0,0,0,0,1,0,3
A,T,Benign,0,0,3,1,0,0,0,0,0,0,1,0,0,0,1,0,0,3
T,C,Benign,0,3,1,0,0,0,1,0,1,0,0,1,0,1,0,0,3,2
G,T,Benign,0,2,3,0,0,1,0,0,0,0,1,0,1,0,1,0,6,1
C,G,Benign,0,1,2,0,1,0,0,0,0,1,0,0,1,1,0,1,2,1
G,C,Benign,0,2,1,0,0,1,0,0,1,0,0,0,1,1,1,0,2,1
C,G,Benign,0,1,2,0,1,0,0,0,0,1,0,0,1,1,0,1,2,1
C,G,Benign,0,1,2,0,1,0,0,0,0,1,0,0,1,1,0,1,2,1
T,C,Benign,0,3,1,0,0,0,1,0,1,0,0,1,0,1,0,0,3,2
C,G,Benign,0,1,2,0,1,0,0,0,0,1,0,0,1,1,0,1,2,1
G,A,Benign,0,2,0,0,0,1,0,1,0,0,0,1,1,0,0,0,0,2
C,G,Benign,0,1,2,0,1,0,0,0,0,1,0,0,1,1,0,1,2,1
A,C,Benign,0,0,1,1,0,0,0,0,1,0,0,0,0,1,1,0,0,1
T,C,Pathogenic,1,3,1,0,0,0,1,0,1,0,0,1,0,1,0,0,3,2
C,G,Benign,0,1,2,0,1,0,0,0,0,1,0,0,1,1,0,1,2,1
A,C,Benign,0,0,1,1,0,0,0,0,1,0,0,0,0,1,1,0,0,1
T,G,Benign,0,3,2,0,0,0,1,0,0,1,0,0,0,1,0,1,6,1
T,C,Benign,0,3,1,0,0,0,1,0,1,0,0,1,0,1,0,0,3,2
G,A,Pathogenic,1,2,0,0,0,1,0,1,0,0,0,1,1,0,0,0,0,2
C,A,Pathogenic,1,1,0,0,1,0,0,1,0,0,0,0,1,0,0,1,0,1
G,A,Benign,0,2,0,0,0,1,0,1,0,0,0,1,1,0,0,0,0,2
G,A,Benign,0,2,0,0,0,1,0,1,0,0,0,1,1,0,0,0,0,2
C,T,Pathogenic,1,1,3,0,1,0,0,0,0,0,1,1,1,0,0,0,3,2
G,C,Benign,0,2,1,0,0,1,0,0,1,0,0,0,1,1,1,0,2,1
T,A,Benign,0,3,0,0,0,0,1,1,0,0,0,0,0,0,0,1,0,3
C,G,Benign,0,1,2,0,1,0,0,0,0,1,0,0,1,1,0,1,2,1
T,A,Benign,0,3,0,0,0,0,1,1,0,0,0,0,0,0,0,1,0,3
A,G,Pathogenic,1,0,2,1,0,0,0,0,0,1,0,1,0,1,0,0,0,2
C,T,Benign,0,1,3,0,1,0,0,0,0,0,1,1,1,0,0,0,3,2
G,A,Pathogenic,1,2,0,0,0,1,0,1,0,0,0,1,1,0,0,0,0,2
G,T,Benign,0,2,3,0,0,1,0,0,0,0,1,0,1,0,1,0,6,1
T,A,Benign,0,3,0,0,0,0,1,1,0,0,0,0,0,0,0,1,0,3
G,T,Benign,0,2,3,0,0,1,0,0,0,0,1,0,1,0,1,0,6,1
G,A,Benign,0,2,0,0,0,1,0,1,0,0,0,1,1,0,0,0,0,2
G,C,Benign,0,2,1,0,0,1,0,0,1,0,0,0,1,1,1,0,2,1
G,T,Pathogenic,1,2,3,0,0,1,0,0,0,0,1,0,1,0,1,0,6,1
G,C,Pathogenic,1,2,1,0,0,1,0,0,1,0,0,0,1,1,1,0,2,1
A,T,Benign,0,0,3,1,0,0,0,0,0,0,1,0,0,0,1,0,0,3
G,C,Benign,0,2,1,0,0,1,0,0,1,0,0,0,1,1,1,0,2,1
G,C,Benign,0,2,1,0,0,1,0,0,1,0,0,0,1,1,1,0,2,1
G,A,Pathogenic,1,2,0,0,0,1,0,1,0,0,0,1,1,0,0,0,0,2
G,A,Benign,0,2,0,0,0,1,0,1,0,0,0,1,1,0,0,0,0,2
G,C,Benign,0,2,1,0,0,1,0,0,1,0,0,0,1,1,1,0,2,1
G,A,Pathogenic,1,2,0,0,0,1,0,1,0,0,0,1,1,0,0,0,0,2
T,C,Pathogenic,1,3,1,0,0,0,1,0,1,0,0,1,0,1,0,0,3,2
A,G,Benign,0,0,2,1,0,0,0,0,0,1,0,1,0,1,0,0,0,2
T,G,Benign,0,3,2,0,0,0,1,0,0,1,0,0,0,1,0,1,6,1
A,C,Benign,0,0,1,1,0,0,0,0,1,0,0,0,0,1,1,0,0,1
A,T,Benign,0,0,3,1,0,0,0,0,0,0,1,0,0,0,1,0,0,3
C,T,Pathogenic,1,1,3,0,1,0,0,0,0,0,1,1,1,0,0,0,3,2
A,G,Benign,0,0,2,1,0,0,0,0,0,1,0,1,0,1,0,0,0,2
A,T,Benign,0,0,3,1,0,0,0,0,0,0,1,0,0,0,1,0,0,3
C,T,Pathogenic,1,1,3,0,1,0,0,0,0,0,1,1,1,0,0,0,3,2
T,C,Benign,0,3,1,0,0,0,1,0,1,0,0,1,0,1,0,0,3,2
G,T,Benign,0,2,3,0,0,1,0,0,0,0,1,0,1,0,1,0,6,1
G,T,Benign,0,2,3,0,0,1,0,0,0,0,1,0,1,0,1,0,6,1
T,G,Benign,0,3,2,0,0,0,1,0,0,1,0,0,0,1,0,1,6,1
G,T,Pathogenic,1,2,3,0,0,1,0,0,0,0,1,0,1,0,1,0,6,1
C,G,Benign,0,1,2,0,1,0,0,0,0,1,0,0,1,1,0,1,2,1
T,A,Benign,0,3,0,0,0,0,1,1,0,0,0,0,0,0,0,1,0,3
C,G,Benign,0,1,2,0,1,0,0,0,0,1,0,0,1,1,0,1,2,1
G,T,Pathogenic,1,2,3,0,0,1,0,0,0,0,1,0,1,0,1,0,6,1
C,G,Benign,0,1,2,0,1,0,0,0,0,1,0,0,1,1,0,1,2,1
A,T,Pathogenic,1,0,3,1,0,0,0,0,0,0,1,0,0,0,1,0,0,3
A,T,Benign,0,0,3,1,0,0,0,0,0,0,1,0,0,0,1,0,0,3
T,G,Benign,0,3,2,0,0,0,1,0,0,1,0,0,0,1,0,1,6,1
A,C,Benign,0,0,1,1,0,0,0,0,1,0,0,0,0,1,1,0,0,1
G,A,Benign,0,2,0,0,0,1,0,1,0,0,0,1,1,0,0,0,0,2
C,A,Benign,0,1,0,0,1,0,0,1,0,0,0,0,1,0,0,1,0,1
T,C,Benign,0,3,1,0,0,0,1,0,1,0,0,1,0,1,0,0,3,2
C,G,Benign,0,1,2,0,1,0,0,0,0,1,0,0,1,1,0,1,2,1
C,T,Pathogenic,1,1,3,0,1,0,0,0,0,0,1,1,1,0,0,0,3,2
A,G,Benign,0,0,2,1,0,0,0,0,0,1,0,1,0,1,0,0,0,2
G,T,Pathogenic,1,2,3,0,0,1,0,0,0,0,1,0,1,0,1,0,6,1
A,C,Benign,0,0,1,1,0,0,0,0,1,0,0,0,0,1,1,0,0,1
G,A,Benign,0,2,0,0,0,1,0,1,0,0,0,1,1,0,0,0,0,2
C,T,Pathogenic,1,1,3,0,1,0,0,0,0,0,1,1,1,0,0,0,3,2
A,G,Benign,0,0,2,1,0,0,0,0,0,1,0,1,0,1,0,0,0,2
G,T,Benign,0,2,3,0,0,1,0,0,0,0,1,0,1,0,1,0,6,1
G,T,Benign,0,2,3,0,0,1,0,0,0,0,1,0,1,0,1,0,6,1
C,T,Pathogenic,1,1,3,0,1,0,0,0,0,0,1,1,1,0,0,0,3,2
A,C,Benign,0,0,1,1,0,0,0,0,1,0,0,0,0,1,1,0,0,1
A,T,Benign,0,0,3,1,0,0,0,0,0,0,1,0,0,0,1,0,0,3
C,G,Benign,0,1,2,0,1,0,0,0,0,1,0,0,1,1,0,1,2,1
A,C,Benign,0,0,1,1,0,0,0,0,1,0,0,0,0,1,1,0,0,1
T,A,Benign,0,3,0,0,0,0,1,1,0,0,0,0,0,0,0,1,0,3
A,G,Pathogenic,1,0,2,1,0,0,0,0,0,1,0,1,0,1,0,0,0,2
A,C,Pathogenic,1,0,1,1,0,0,0,0,1,0,0,0,0,1,1,0,0,1
A,C,Benign,0,0,1,1,0,0,0,0,1,0,0,0,0,1,1,0,0,1
C,A,Benign,0,1,0,0,1,0,0,1,0,0,0,0,1,0,0,1,0,1
T,A,Benign,0,3,0,0,0,0,1,1,0,0,0,0,0,0,0,1,0,3
C,G,Benign,0,1,2,0,1,0,0,0,0,1,0,0,1,1,0,1,2,1
T,G,Benign,0,3,2,0,0,0,1,0,0,1,0,0,0,1,0,1,6,1
G,T,Benign,0,2,3,0,0,1,0,0,0,0,1,0,1,0,1,0,6,1
G,T,Benign,0,2,3,0,0,1,0,0,0,0,1,0,1,0,1,0,6,1
G,C,Benign,0,2,1,0,0,1,0,0,1,0,0,0,1,1,1,0,2,1
A,G,Benign,0,0,2,1,0,0,0,0,0,1,0,1,0,1,0,0,0,2
G,C,Benign,0,2,1,0,0,1,0,0,1,0,0,0,1,1,1,0,2,1
T,C,Pathogenic,1,3,1,0,0,0,1,0,1,0,0,1,0,1,0,0,3,2
T,A,Benign,0,3,0,0,0,0,1,1,0,0,0,0,0,0,0,1,0,3
G,T,Pathogenic,1,2,3,0,0,1,0,0,0,0,1,0,1,0,1,0,6,1
A,T,Benign,0,0,3,1,0,0,0,0,0,0,1,0,0,0,1,0,0,3
T,A,Pathogenic,1,3,0,0,0,0,1,1,0,0,0,0,0,0,0,1,0,3
A,C,Benign,0,0,1,1,0,0,0,0,1,0,0,0,0,1,1,0,0,1
A,C,Benign,0,0,1,1,0,0,0,0,1,0,0,0,0,1,1,0,0,1
C,T,Pathogenic,1,1,3,0,1,0,0,0,0,0,1,1,1,0,0,0,3,2
T,C,Benign,0,3,1,0,0,0,1,0,1,0,0,1,0,1,0,0,3,2
C,A,Pathogenic,1,1,0,0,1,0,0,1,0,0,0,0,1,0,0,1,0,1
A,C,Benign,0,0,1,1,0,0,0,0,1,0,0,0,0,1,1,0,0,1
T,A,Benign,0,3,0,0,0,0,1,1,0,0,0,0,0,0,0,1,0,3
A,G,Benign,0,0,2,1,0,0,0,0,0,1,0,1,0,1,0,0,0,2
A,G,Benign,0,0,2,1,0,0,0,0,0,1,0,1,0,1,0,0,0,2
T,G,Pathogenic,1,3,2,0,0,0,1,0,0,1,0,0,0,1,0,1,6,1
G,C,Benign,0,2,1,0,0,1,0,0,1,0,0,0,1,1,1,0,2,1
T,C,Benign,0,3,1,0,0,0,1,0,1,0,0,1,0,1,0,0,3,2
A,G,Pathogenic,1,0,2,1,0,0,0,0,0,1,0,1,0,1,0,0,0,2
G,A,Benign,0,2,0,0,0,1,0,1,0,0,0,1,1,0,0,0,0,2
T,A,Benign,0,3,0,0,0,0,1,1,0,0,0,0,0,0,0,1,0,3
G,T,Benign,0,2,3,0,0,1,0,0,0,0,1,0,1,0,1,0,6,1
A,T,Pathogenic,1,0,3,1,0,0,0,0,0,0,1,0,0,0,1,0,0,3
G,T,Benign,0,2,3,0,0,1,0,0,0,0,1,0,1,0,1,0,6,1
G,A,Benign,0,2,0,0,0,1,0,1,0,0,0,1,1,0,0,0,0,2
A,T,Pathogenic,1,0,3,1,0,0,0,0,0,0,1,0,0,0,1,0,0,3
G,C,Benign,0,2,1,0,0,1,0,0,1,0,0,0,1,1,1,0,2,1
C,G,Benign,0,1,2,0,1,0,0,0,0,1,0,0,1,1,0,1,2,1
C,T,Benign,0,1,3,0,1,0,0,0,0,0,1,1,1,0,0,0,3,2
C,A,Benign,0,1,0,0,1,0,0,1,0,0,0,0,1,0,0,1,0,1
G,A,Benign,0,2,0,0,0,1,0,1,0,0,0,1,1,0,0,0,0,2
G,C,Benign,0,2,1,0,0,1,0,0,1,0,0,0,1,1,1,0,2,1
G,A,Benign,0,2,0,0,0,1,0,1,0,0,0,1,1,0,0,0,0,2
C,G,Benign,0,1,2,0,1,0,0,0,0,1,0,0,1,1,0,1,2,1
A,G,Benign,0,0,2,1,0,0,0,0,0,1,0,1,0,1,0,0,0,2
C,T,Benign,0,1,3,0,1,0,0,0,0,0,1,1,1,0,0,0,3,2
G,T,Benign,0,2,3,0,0,1,0,0,0,0,1,0,1,0,1,0,6,1
G,A,Benign,0,2,0,0,0,1,0,1,0,0,0,1,1,0,0,0,0,2
A,T,Benign,0,0,3,1,0,0,0,0,0,0,1,0,0,0,1,0,0,3
G,A,Benign,0,2,0,0,0,1,0,1,0,0,0,1,1,0,0,0,0,2
T,G,Benign,0,3,2,0,0,0,1,0,0,1,0,0,0,1,0,1,6,1
T,A,Pathogenic,1,3,0,0,0,0,1,1,0,0,0,0,0,0,0,1,0,3
G,A,Benign,0,2,0,0,0,1,0,1,0,0,0,1,1,0,0,0,0,2
C,G,Benign,0,1,2,0,1,0,0,0,0,1,0,0,1,1,0,1,2,1
C,G,Benign,0,1,2,0,1,0,0,0,0,1,0,0,1,1,0,1,2,1
C,G,Benign,0,1,2,0,1,0,0,0,0,1,0,0,1,1,0,1,2,1
A,T,Benign,0,0,3,1,0,0,0,0,0,0,1,0,0,0,1,0,0,3
T,G,Benign,0,3,2,0,0,0,1,0,0,1,0,0,0,1,0,1,6,1
G,C,Benign,0,2,1,0,0,1,0,0,1,0,0,0,1,1,1,0,2,1
T,G,Benign,0,3,2,0,0,0,1,0,0,1,0,0,0,1,0,1,6,1
T,C,Benign,0,3,1,0,0,0,1,0,1,0,0,1,0,1,0,0,3,2
C,T,Benign,0,1,3,0,1,0,0,0,0,0,1,1,1,0,0,0,3,2
A,G,Benign,0,0,2,1,0,0,0,0,0,1,0,1,0,1,0,0,0,2
T,C,Benign,0,3,1,0,0,0,1,0,1,0,0,1,0,1,0,0,3,2
T,G,Benign,0,3,2,0,0,0,1,0,0,1,0,0,0,1,0,1,6,1
G,T,Benign,0,2,3,0,0,1,0,0,0,0,1,0,1,0,1,0,6,1
C,A,Pathogenic,1,1,0,0,1,0,0,1,0,0,0,0,1,0,0,1,0,1
A,C,Pathogenic,1,0,1,1,0,0,0,0,1,0,0,0,0,1,1,0,0,1
A,C,Benign,0,0,1,1,0,0,0,0,1,0,0,0,0,1,1,0,0,1
T,G,Benign,0,3,2,0,0,0,1,0,0,1,0,0,0,1,0,1,6,1
G,A,Benign,0,2,0,0,0,1,0,1,0,0,0,1,1,0,0,0,0,2
C,A,Benign,0,1,0,0,1,0,0,1,0,0,0,0,1,0,0,1,0,1
T,G,Benign,0,3,2,0,0,0,1,0,0,1,0,0,0,1,0,1,6,1
A,C,Pathogenic,1,0,1,1,0,0,0,0,1,0,0,0,0,1,1,0,0,1
A,G,Pathogenic,1,0,2,1,0,0,0,0,0,1,0,1,0,1,0,0,0,2
A,C,Benign,0,0,1,1,0,0,0,0,1,0,0,0,0,1,1,0,0,1
T,A,Pathogenic,1,3,0,0,0,0,1,1,0,0,0,0,0,0,0,1,0,3
A,G,Benign,0,0,2,1,0,0,0,0,0,1,0,1,0,1,0,0,0,2
T,C,Benign,0,3,1,0,0,0,1,0,1,0,0,1,0,1,0,0,3,2
G,C,Benign,0,2,1,0,0,1,0,0,1,0,0,0,1,1,1,0,2,1
A,G,Benign,0,0,2,1,0,0,0,0,0,1,0,1,0,1,0,0,0,2
T,C,Pathogenic,1,3,1,0,0,0,1,0,1,0,0,1,0,1,0,0,3,2
C,T,Pathogenic,1,1,3,0,1,0,0,0,0,0,1,1,1,0,0,0,3,2
A,G,Pathogenic,1,0,2,1,0,0,0,0,0,1,0,1,0,1,0,0,0,2
G,A,Pathogenic,1,2,0,0,0,1,0,1,0,0,0,1,1,0,0,0,0,2
G,A,Benign,0,2,0,0,0,1,0,1,0,0,0,1,1,0,0,0,0,2
A,G,Benign,0,0,2,1,0,0,0,0,0,1,0,1,0,1,0,0,0,2
T,A,Benign,0,3,0,0,0,0,1,1,0,0,0,0,0,0,0,1,0,3
A,T,Pathogenic,1,0,3,1,0,0,0,0,0,0,1,0,0,0,1,0,0,3
C,T,Pathogenic,1,1,3,0,1,0,0,0,0,0,1,1,1,0,0,0,3,2
T,A,Benign,0,3,0,0,0,0,1,1,0,0,0,0,0,0,0,1,0,3
T,G,Benign,0,3,2,0,0,0,1,0,0,1,0,0,0,1,0,1,6,1
C,A,Pathogenic,1,1,0,0,1,0,0,1,0,0,0,0,1,0,0,1,0,1
G,C,Pathogenic,1,2,1,0,0,1,0,0,1,0,0,0,1,1,1,0,2,1
A,T,Benign,0,0,3,1,0,0,0,0,0,0,1,0,0,0,1,0,0,3
C,A,Benign,0,1,0,0,1,0,0,1,0,0,0,0,1,0,0,1,0,1
G,C,Benign,0,2,1,0,0,1,0,0,1,0,0,0,1,1,1,0,2,1
T,G,Pathogenic,1,3,2,0,0,0,1,0,0,1,0,0,0,1,0,1,6,1
G,A,Pathogenic,1,2,0,0,0,1,0,1,0,0,0,1,1,0,0,0,0,2
G,A,Benign,0,2,0,0,0,1,0,1,0,0,0,1,1,0,0,0,0,2
T,A,Benign,0,3,0,0,0,0,1,1,0,0,0,0,0,0,0,1,0,3
C,A,Benign,0,1,0,0,1,0,0,1,0,0,0,0,1,0,0,1,0,1
C,G,Benign,0,1,2,0,1,0,0,0,0,1,0,0,1,1,0,1,2,1
G,T,Pathogenic,1,2,3,0,0,1,0,0,0,0,1,0,1,0,1,0,6,1
C,A,Pathogenic,1,1,0,0,1,0,0,1,0,0,0,0,1,0,0,1,0,1
A,C,Pathogenic,1,0,1,1,0,0,0,0,1,0,0,0,0,1,1,0,0,1
A,G,Benign,0,0,2,1,0,0,0,0,0,1,0,1,0,1,0,0,0,2
T,C,Benign,0,3,1,0,0,0,1,0,1,0,0,1,0,1,0,0,3,2
C,G,Benign,0,1,2,0,1,0,0,0,0,1,0,0,1,1,0,1,2,1
C,A,Benign,0,1,0,0,1,0,0,1,0,0,0,0,1,0,0,1,0,1
C,G,Pathogenic,1,1,2,0,1,0,0,0,0,1,0,0,1,1,0,1,2,1
C,A,Benign,0,1,0,0,1,0,0,1,0,0,0,0,1,0,0,1,0,1
A,C,Benign,0,0,1,1,0,0,0,0,1,0,0,0,0,1,1,0,0,1
C,A,Benign,0,1,0,0,1,0,0,1,0,0,0,0,1,0,0,1,0,1
C,G,Benign,0,1,2,0,1,0,0,0,0,1,0,0,1,1,0,1,2,1
T,C,Benign,0,3,1,0,0,0,1,0,1,0,0,1,0,1,0,0,3,2
T,C,Pathogenic,1,3,1,0,0,0,1,0,1,0,0,1,0,1,0,0,3,2
C,G,Benign,0,1,2,0,1,0,0,0,0,1,0,0,1,1,0,1,2,1
A,G,Benign,0,0,2,1,0,0,0,0,0,1,0,1,0,1,0,0,0,2
C,A,Pathogenic,1,1,0,0,1,0,0,1,0,0,0,0,1,0,0,1,0,1
G,A,Pathogenic,1,2,0,0,0,1,0,1,0,0,0,1,1,0,0,0,0,2
C,G,Benign,0,1,2,0,1,0,0,0,0,1,0,0,1,1,0,1,2,1
A,C,Benign,0,0,1,1,0,0,0,0,1,0,0,0,0,1,1,0,0,1
C,T,Pathogenic,1,1,3,0,1,0,0,0,0,0,1,1,1,0,0,0,3,2
C,G,Pathogenic,1,1,2,0,1,0,0,0,0,1,0,0,1,1,0,1,2,1
T,C,Benign,0,3,1,0,0,0,1,0,1,0,0,1,0,1,0,0,3,2
C,G,Benign,0,1,2,0,1,0,0,0,0,1,0,0,1,1,0,1,2,1
G,T,Benign,0,2,3,0,0,1,0,0,0,0,1,0,1,0,1,0,6,1
T,C,Pathogenic,1,3,1,0,0,0,1,0,1,0,0,1,0,1,0,0,3,2
G,A,Benign,0,2,0,0,0,1,0,1,0,0,0,1,1,0,0,0,0,2
G,T,Benign,0,2,3,0,0,1,0,0,0,0,1,0,1,0,1,0,6,1
G,T,Benign,0,2,3,0,0,1,0,0,0,0,1,0,1,0,1,0,6,1
C,G,Benign,0,1,2,0,1,0,0,0,0,1,0,0,1,1,0,1,2,1
A,C,Benign,0,0,1,1,0,0,0,0,1,0,0,0,0,1,1,0,0,1
A,G,Benign,0,0,2,1,0,0,0,0,0,1,0,1,0,1,0,0,0,2
C,G,Pathogenic,1,1,2,0,1,0,0,0,0,1,0,0,1,1,0,1,2,1
G,T,Pathogenic,1,2,3,0,0,1,0,0,0,0,1,0,1,0,1,0,6,1
G,C,Benign,0,2,1,0,0,1,0,0,1,0,0,0,1,1,1,0,2,1
G,A,Benign,0,2,0,0,0,1,0,1,0,0,0,1,1,0,0,0,0,2
C,T,Pathogenic,1,1,3,0,1,0,0,0,0,0,1,1,1,0,0,0,3,2
G,A,Benign,0,2,0,0,0,1,0,1,0,0,0,1,1,0,0,0,0,2
T,C,Benign,0,3,1,0,0,0,1,0,1,0,0,1,0,1,0,0,3,2
T,A,Benign,0,3,0,0,0,0,1,1,0,0,0,0,0,0,0,1,0,3
C,A,Benign,0,1,0,0,1,0,0,1,0,0,0,0,1,0,0,1,0,1
C,T,Pathogenic,1,1,3,0,1,0,0,0,0,0,1,1,1,0,0,0,3,2
C,T,Pathogenic,1,1,3,0,1,0,0,0,0,0,1,1,1,0,0,0,3,2
A,T,Benign,0,0,3,1,0,0,0,0,0,0,1,0,0,0,1,0,0,3
T,G,Benign,0,3,2,0,0,0,1,0,0,1,0,0,0,1,0,1,6,1
G,T,Pathogenic,1,2,3,0,0,1,0,0,0,0,1,0,1,0,1,0,6,1
T,C,Benign,0,3,1,0,0,0,1,0,1,0,0,1,0,1,0,0,3,2
T,G,Benign,0,3,2,0,0,0,1,0,0,1,0,0,0,1,0,1,6,1
T,A,Benign,0,3,0,0,0,0,1,1,0,0,0,0,0,0,0,1,0,3
A,T,Benign,0,0,3,1,0,0,0,0,0,0,1,0,0,0,1,0,0,3
T,A,Benign,0,3,0,0,0,0,1,1,0,0,0,0,0,0,0,1,0,3
T,C,Benign,0,3,1,0,0,0,1,0,1,0,0,1,0,1,0,0,3,2
G,T,Pathogenic,1,2,3,0,0,1,0,0,0,0,1,0,1,0,1,0,6,1
T,C,Benign,0,3,1,0,0,0,1,0,1,0,0,1,0,1,0,0,3,2
A,T,Benign,0,0,3,1,0,0,0,0,0,0,1,0,0,0,1,0,0,3
T,C,Benign,0,3,1,0,0,0,1,0,1,0,0,1,0,1,0,0,3,2
G,T,Benign,0,2,3,0,0,1,0,0,0,0,1,0,1,0,1,0,6,1
A,C,Benign,0,0,1,1,0,0,0,0,1,0,0,0,0,1,1,0,0,1
C,A,Benign,0,1,0,0,1,0,0,1,0,0,0,0,1,0,0,1,0,1
T,C,Pathogenic,1,3,1,0,0,0,1,0,1,0,0,1,0,1,0,0,3,2
C,G,Benign,0,1,2,0,1,0,0,0,0,1,0,0,1,1,0,1,2,1
T,A,Benign,0,3,0,0,0,0,1,1,0,0,0,0,0,0,0,1,0,3
G,A,Pathogenic,1,2,0,0,0,1,0,1,0,0,0,1,1,0,0,0,0,2
G,A,Benign,0,2,0,0,0,1,0,1,0,0,0,1,1,0,0,0,0,2
A,G,Benign,0,0,2,1,0,0,0,0,0,1,0,1,0,1,0,0,0,2
G,C,Benign,0,2,1,0,0,1,0,0,1,0,0,0,1,1,1,0,2,1
T,A,Benign,0,3,0,0,0,0,1,1,0,0,0,0,0,0,0,1,0,3
A,G,Benign,0,0,2,1,0,0,0,0,0,1,0,1,0,1,0,0,0,2
A,C,Pathogenic,1,0,1,1,0,0,0,0,1,0,0,0,0,1,1,0,0,1
T,C,Benign,0,3,1,0,0,0,1,0,1,0,0,1,0,1,0,0,3,2
T,C,Benign,0,3,1,0,0,0,1,0,1,0,0,1,0,1,0,0,3,2
A,T,Benign,0,0,3,1,0,0,0,0,0,0,1,0,0,0,1,0,0,3
T,A,Pathogenic,1,3,0,0,0,0,1,1,0,0,0,0,0,0,0,1,0,3
A,G,Benign,0,0,2,1,0,0,0,0,0,1,0,1,0,1,0,0,0,2
A,C,Benign,0,0,1,1,0,0,0,0,1,0,0,0,0,1,1,0,0,1
G,C,Benign,0,2,1,0,0,1,0,0,1,0,0,0,1,1,1,0,2,1
C,A,Benign,0,1,0,0,1,0,0,1,0,0,0,0,1,0,0,1,0,1
A,T,Benign,0,0,3,1,0,0,0,0,0,0,1,0,0,0,1,0,0,3
T,G,Benign,0,3,2,0,0,0,1,0,0,1,0,0,0,1,0,1,6,1
C,G,Benign,0,1,2,0,1,0,0,0,0,1,0,0,1,1,0,1,2,1
G,A,Benign,0,2,0,0,0,1,0,1,0,0,0,1,1,0,0,0,0,2
G,T,Benign,0,2,3,0,0,1,0,0,0,0,1,0,1,0,1,0,6,1
T,C,Benign,0,3,1,0,0,0,1,0,1,0,0,1,0,1,0,0,3,2
G,A,Benign,0,2,0,0,0,1,0,1,0,0,0,1,1,0,0,0,0,2
G,A,Benign,0,2,0,0,0,1,0,1,0,0,0,1,1,0,0,0,0,2
G,T,Benign,0,2,3,0,0,1,0,0,0,0,1,0,1,0,1,0,6,1
A,G,Benign,0,0,2,1,0,0,0,0,0,1,0,1,0,1,0,0,0,2
A,G,Pathogenic,1,0,2,1,0,0,0,0,0,1,0,1,0,1,0,0,0,2
A,C,Benign,0,0,1,1,0,0,0,0,1,0,0,0,0,1,1,0,0,1
T,C,Benign,0,3,1,0,0,0,1,0,1,0,0,1,0,1,0,0,3,2
C,T,Pathogenic,1,1,3,0,1,0,0,0,0,0,1,1,1,0,0,0,3,2
C,T,Benign,0,1,3,0,1,0,0,0,0,0,1,1,1,0,0,0,3,2
G,A,Pathogenic,1,2,0,0,0,1,0,1,0,0,0,1,1,0,0,0,0,2
A,C,Pathogenic,1,0,1,1,0,0,0,0,1,0,0,0,0,1,1,0,0,1
C,A,Benign,0,1,0,0,1,0,0,1,0,0,0,0,1,0,0,1,0,1
A,G,Benign,0,0,2,1,0,0,0,0,0,1,0,1,0,1,0,0,0,2
A,T,Benign,0,0,3,1,0,0,0,0,0,0,1,0,0,0,1,0,0,3
G,A,Benign,0,2,0,0,0,1,0,1,0,0,0,1,1,0,0,0,0,2
T,C,Benign,0,3,1,0,0,0,1,0,1,0,0,1,0,1,0,0,3,2
T,C,Benign,0,3,1,0,0,0,1,0,1,0,0,1,0,1,0,0,3,2
G,C,Benign,0,2,1,0,0,1,0,0,1,0,0,0,1,1,1,0,2,1
C,G,Pathogenic,1,1,2,0,1,0,0,0,0,1,0,0,1,1,0,1,2,1
G,T,Benign,0,2,3,0,0,1,0,0,0,0,1,0,1,0,1,0,6,1
C,A,Benign,0,1,0,0,1,0,0,1,0,0,0,0,1,0,0,1,0,1
A,G,Benign,0,0,2,1,0,0,0,0,0,1,0,1,0,1,0,0,0,2
C,A,Benign,0,1,0,0,1,0,0,1,0,0,0,0,1,0,0,1,0,1
T,C,Benign,0,3,1,0,0,0,1,0,1,0,0,1,0,1,0,0,3,2
T,G,Benign,0,3,2,0,0,0,1,0,0,1,0,0,0,1,0,1,6,1
G,C,Benign,0,2,1,0,0,1,0,0,1,0,0,0,1,1,1,0,2,1
G,C,Benign,0,2,1,0,0,1,0,0,1,0,0,0,1,1,1,0,2,1
G,C,Benign,0,2,1,0,0,1,0,0,1,0,0,0,1,1,1,0,2,1
C,A,Benign,0,1,0,0,1,0,0,1,0,0,0,0,1,0,0,1,0,1
G,T,Benign,0,2,3,0,0,1,0,0,0,0,1,0,1,0,1,0,6,1
A,G,Benign,0,0,2,1,0,0,0,0,0,1,0,1,0,1,0,0,0,2
T,C,Benign,0,3,1,0,0,0,1,0,1,0,0,1,0,1,0,0,3,2
A,C,Benign,0,0,1,1,0,0,0,0,1,0,0,0,0,1,1,0,0,1
G,T,Benign,0,2,3,0,0,1,0,0,0,0,1,0,1,0,1,0,6,1
G,C,Benign,0,2,1,0,0,1,0,0,1,0,0,0,1,1,1,0,2,1
A,G,Pathogenic,1,0,2,1,0,0,0,0,0,1,0,1,0,1,0,0,0,2
T,G,Benign,0,3,2,0,0,0,1,0,0,1,0,0,0,1,0,1,6,1
T,G,Benign,0,3,2,0,0,0,1,0,0,1,0,0,0,1,0,1,6,1
C,T,Pathogenic,1,1,3,0,1,0,0,0,0,0,1,1,1,0,0,0,3,2
T,C,Pathogenic,1,3,1,0,0,0,1,0,1,0,0,1,0,1,0,0,3,2
C,T,Benign,0,1,3,0,1,0,0,0,0,0,1,1,1,0,0,0,3,2
G,C,Benign,0,2,1,0,0,1,0,0,1,0,0,0,1,1,1,0,2,1
G,T,Benign,0,2,3,0,0,1,0,0,0,0,1,0,1,0,1,0,6,1
A,G,Benign,0,0,2,1,0,0,0,0,0,1,0,1,0,1,0,0,0,2
G,A,Benign,0,2,0,0,0,1,0,1,0,0,0,1,1,0,0,0,0,2
G,A,Benign,0,2,0,0,0,1,0,1,0,0,0,1,1,0,0,0,0,2
G,C,Benign,0,2,1,0,0,1,0,0,1,0,0,0,1,1,1,0,2,1
C,T,Pathogenic,1,1,3,0,1,0,0,0,0,0,1,1,1,0,0,0,3,2
A,C,Benign,0,0,1,1,0,0,0,0,1,0,0,0,0,1,1,0,0,1
A,G,Benign,0,0,2,1,0,0,0,0,0,1,0,1,0,1,0,0,0,2
T,A,Benign,0,3,0,0,0,0,1,1,0,0,0,0,0,0,0,1,0,3
A,C,Benign,0,0,1,1,0,0,0,0,1,0,0,0,0,1,1,0,0,1
T,G,Benign,0,3,2,0,0,0,1,0,0,1,0,0,0,1,0,1,6,1
C,T,Benign,0,1,3,0,1,0,0,0,0,0,1,1,1,0,0,0,3,2
A,G,Benign,0,0,2,1,0,0,0,0,0,1,0,1,0,1,0,0,0,2
C,A,Pathogenic,1,1,0,0,1,0,0,1,0,0,0,0,1,0,0,1,0,1
A,G,Pathogenic,1,0,2,1,0,0,0,0,0,1,0,1,0,1,0,0,0,2
G,A,Pathogenic,1,2,0,0,0,1,0,1,0,0,0,1,1,0,0,0,0,2
C,G,Benign,0,1,2,0,1,0,0,0,0,1,0,0,1,1,0,1,2,1
T,A,Benign,0,3,0,0,0,0,1,1,0,0,0,0,0,0,0,1,0,3
T,G,Pathogenic,1,3,2,0,0,0,1,0,0,1,0,0,0,1,0,1,6,1
C,T,Pathogenic,1,1,3,0,1,0,0,0,0,0,1,1,1,0,0,0,3,2
A,C,Benign,0,0,1,1,0,0,0,0,1,0,0,0,0,1,1,0,0,1
T,C,Benign,0,3,1,0,0,0,1,0,1,0,0,1,0,1,0,0,3,2
C,A,Benign,0,1,0,0,1,0,0,1,0,0,0,0,1,0,0,1,0,1
A,C,Benign,0,0,1,1,0,0,0,0,1,0,0,0,0,1,1,0,0,1
T,C,Pathogenic,1,3,1,0,0,0,1,0,1,0,0,1,0,1,0,0,3,2
G,A,Benign,0,2,0,0,0,1,0,1,0,0,0,1,1,0,0,0,0,2
C,A,Pathogenic,1,1,0,0,1,0,0,1,0,0,0,0,1,0,0,1,0,1
C,G,Benign,0,1,2,0,1,0,0,0,0,1,0,0,1,1,0,1,2,1
G,A,Pathogenic,1,2,0,0,0,1,0,1,0,0,0,1,1,0,0,0,0,2
G,C,Benign,0,2,1,0,0,1,0,0,1,0,0,0,1,1,1,0,2,1
G,A,Pathogenic,1,2,0,0,0,1,0,1,0,0,0,1,1,0,0,0,0,2
T,C,Pathogenic,1,3,1,0,0,0,1,0,1,0,0,1,0,1,0,0,3,2
A,G,Pathogenic,1,0,2,1,0,0,0,0,0,1,0,1,0,1,0,0,0,2
T,A,Benign,0,3,0,0,0,0,1,1,0,0,0,0,0,0,0,1,0,3
T,C,Benign,0,3,1,0,0,0,1,0,1,0,0,1,0,1,0,0,3,2
C,A,Pathogenic,1,1,0,0,1,0,0,1,0,0,0,0,1,0,0,1,0,1
A,T,Benign,0,0,3,1,0,0,0,0,0,0,1,0,0,0,1,0,0,3
C,G,Pathogenic,1,1,2,0,1,0,0,0,0,1,0,0,1,1,0,1,2,1
T,C,Benign,0,3,1,0,0,0,1,0,1,0,0,1,0,1,0,0,3,2
G,C,Benign,0,2,1,0,0,1,0,0,1,0,0,0,1,1,1,0,2,1
G,T,Benign,0,2,3,0,0,1,0,0,0,0,1,0,1,0,1,0,6,1
A,G,Benign,0,0,2,1,0,0,0,0,0,1,0,1,0,1,0,0,0,2
T,A,Benign,0,3,0,0,0,0,1,1,0,0,0,0,0,0,0,1,0,3
T,G,Pathogenic,1,3,2,0,0,0,1,0,0,1,0,0,0,1,0,1,6,1
T,A,Benign,0,3,0,0,0,0,1,1,0,0,0,0,0,0,0,1,0,3
C,G,Benign,0,1,2,0,1,0,0,0,0,1,0,0,1,1,0,1,2,1
T,A,Pathogenic,1,3,0,0,0,0,1,1,0,0,0,0,0,0,0,1,0,3
C,G,Benign,0,1,2,0,1,0,0,0,0,1,0,0,1,1,0,1,2,1
G,A,Benign,0,2,0,0,0,1,0,1,0,0,0,1,1,0,0,0,0,2
T,G,Benign,0,3,2,0,0,0,1,0,0,1,0,0,0,1,0,1,6,1
T,G,Benign,0,3,2,0,0,0,1,0,0,1,0,0,0,1,0,1,6,1
G,T,Benign,0,2,3,0,0,1,0,0,0,0,1,0,1,0,1,0,6,1
T,A,Pathogenic,1,3,0,0,0,0,1,1,0,0,0,0,0,0,0,1,0,3
C,G,Pathogenic,1,1,2,0,1,0,0,0,0,1,0,0,1,1,0,1,2,1
G,A,Benign,0,2,0,0,0,1,0,1,0,0,0,1,1,0,0,0,0,2
T,A,Pathogenic,1,3,0,0,0,0,1,1,0,0,0,0,0,0,0,1,0,3
T,C,Benign,0,3,1,0,0,0,1,0,1,0,0,1,0,1,0,0,3,2
G,A,Benign,0,2,0,0,0,1,0,1,0,0,0,1,1,0,0,0,0,2
A,G,Benign,0,0,2,1,0,0,0,0,0,1,0,1,0,1,0,0,0,2
T,C,Benign,0,3,1,0,0,0,1,0,1,0,0,1,0,1,0,0,3,2
C,T,Pathogenic,1,1,3,0,1,0,0,0,0,0,1,1,1,0,0,0,3,2
T,G,Benign,0,3,2,0,0,0,1,0,0,1,0,0,0,1,0,1,6,1
G,A,Benign,0,2,0,0,0,1,0,1,0,0,0,1,1,0,0,0,0,2
A,G,Benign,0,0,2,1,0,0,0,0,0,1,0,1,0,1,0,0,0,2
G,A,Pathogenic,1,2,0,0,0,1,0,1,0,0,0,1,1,0,0,0,0,2
G,T,Benign,0,2,3,0,0,1,0,0,0,0,1,0,1,0,1,0,6,1
A,C,Benign,0,0,1,1,0,0,0,0,1,0,0,0,0,1,1,0,0,1
G,C,Benign,0,2,1,0,0,1,0,0,1,0,0,0,1,1,1,0,2,1
C,G,Benign,0,1,2,0,1,0,0,0,0,1,0,0,1,1,0,1,2,1
T,C,Pathogenic,1,3,1,0,0,0,1,0,1,0,0,1,0,1,0,0,3,2
T,G,Benign,0,3,2,0,0,0,1,0,0,1,0,0,0,1,0,1,6,1
C,G,Pathogenic,1,1,2,0,1,0,0,0,0,1,0,0,1,1,0,1,2,1
C,G,Benign,0,1,2,0,1,0,0,0,0,1,0,0,1,1,0,1,2,1
A,C,Benign,0,0,1,1,0,0,0,0,1,0,0,0,0,1,1,0,0,1
C,G,Pathogenic,1,1,2,0,1,0,0,0,0,1,0,0,1,1,0,1,2,1
A,C,Pathogenic,1,0,1,1,0,0,0,0,1,0,0,0,0,1,1,0,0,1
A,C,Pathogenic,1,0,1,1,0,0,0,0,1,0,0,0,0,1,1,0,0,1
T,A,Pathogenic,1,3,0,0,0,0,1,1,0,0,0,0,0,0,0,1,0,3
G,T,Benign,0,2,3,0,0,1,0,0,0,0,1,0,1,0,1,0,6,1
T,C,Benign,0,3,1,0,0,0,1,0,1,0,0,1,0,1,0,0,3,2
C,A,Benign,0,1,0,0,1,0,0,1,0,0,0,0,1,0,0,1,0,1
C,T,Pathogenic,1,1,3,0,1,0,0,0,0,0,1,1,1,0,0,0,3,2
A,G,Benign,0,0,2,1,0,0,0,0,0,1,0,1,0,1,0,0,0,2
T,A,Pathogenic,1,3,0,0,0,0,1,1,0,0,0,0,0,0,0,1,0,3
G,C,Benign,0,2,1,0,0,1,0,0,1,0,0,0,1,1,1,0,2,1
C,A,Benign,0,1,0,0,1,0,0,1,0,0,0,0,1,0,0,1,0,1
G,T,Benign,0,2,3,0,0,1,0,0,0,0,1,0,1,0,1,0,6,1
C,G,Benign,0,1,2,0,1,0,0,0,0,1,0,0,1,1,0,1,2,1
G,A,Benign,0,2,0,0,0,1,0,1,0,0,0,1,1,0,0,0,0,2
T,G,Benign,0,3,2,0,0,0,1,0,0,1,0,0,0,1,0,1,6,1
G,C,Benign,0,2,1,0,0,1,0,0,1,0,0,0,1,1,1,0,2,1
A,T,Benign,0,0,3,1,0,0,0,0,0,0,1,0,0,0,1,0,0,3
G,C,Benign,0,2,1,0,0,1,0,0,1,0,0,0,1,1,1,0,2,1
C,G,Benign,0,1,2,0,1,0,0,0,0,1,0,0,1,1,0,1,2,1
G,T,Pathogenic,1,2,3,0,0,1,0,0,0,0,1,0,1,0,1,0,6,1
T,C,Benign,0,3,1,0,0,0,1,0,1,0,0,1,0,1,0,0,3,2
C,G,Benign,0,1,2,0,1,0,0,0,0,1,0,0,1,1,0,1,2,1
T,C,Benign,0,3,1,0,0,0,1,0,1,0,0,1,0,1,0,0,3,2
A,G,Benign,0,0,2,1,0,0,0,0,0,1,0,1,0,1,0,0,0,2
A,G,Benign,0,0,2,1,0,0,0,0,0,1,0,1,0,1,0,0,0,2
G,T,Benign,0,2,3,0,0,1,0,0,0,0,1,0,1,0,1,0,6,1
T,A,Benign,0,3,0,0,0,0,1,1,0,0,0,0,0,0,0,1,0,3
C,T,Pathogenic,1,1,3,0,1,0,0,0,0,0,1,1,1,0,0,0,3,2
G,C,Benign,0,2,1,0,0,1,0,0,1,0,0,0,1,1,1,0,2,1
C,A,Benign,0,1,0,0,1,0,0,1,0,0,0,0,1,0,0,1,0,1
T,G,Benign,0,3,2,0,0,0,1,0,0,1,0,0,0,1,0,1,6,1
T,C,Benign,0,3,1,0,0,0,1,0,1,0,0,1,0,1,0,0,3,2
C,T,Benign,0,1,3,0,1,0,0,0,0,0,1,1,1,0,0,0,3,2
A,G,Pathogenic,1,0,2,1,0,0,0,0,0,1,0,1,0,1,0,0,0,2
T,C,Benign,0,3,1,0,0,0,1,0,1,0,0,1,0,1,0,0,3,2
T,A,Benign,0,3,0,0,0,0,1,1,0,0,0,0,0,0,0,1,0,3
T,G,Benign,0,3,2,0,0,0,1,0,0,1,0,0,0,1,0,1,6,1
C,G,Benign,0,1,2,0,1,0,0,0,0,1,0,0,1,1,0,1,2,1
A,G,Benign,0,0,2,1,0,0,0,0,0,1,0,1,0,1,0,0,0,2
T,C,Benign,0,3,1,0,0,0,1,0,1,0,0,1,0,1,0,0,3,2
T,G,Benign,0,3,2,0,0,0,1,0,0,1,0,0,0,1,0,1,6,1
G,A,Benign,0,2,0,0,0,1,0,1,0,0,0,1,1,0,0,0,0,2
A,G,Benign,0,0,2,1,0,0,0,0,0,1,0,1,0,1,0,0,0,2
G,A,Benign,0,2,0,0,0,1,0,1,0,0,0,1,1,0,0,0,0,2
A,C,Pathogenic,1,0,1,1,0,0,0,0,1,0,0,0,0,1,1,0,0,1
A,T,Benign,0,0,3,1,0,0,0,0,0,0,1,0,0,0,1,0,0,3
T,G,Benign,0,3,2,0,0,0,1,0,0,1,0,0,0,1,0,1,6,1
G,A,Pathogenic,1,2,0,0,0,1,0,1,0,0,0,1,1,0,0,0,0,2
T,A,Benign,0,3,0,0,0,0,1,1,0,0,0,0,0,0,0,1,0,3
A,G,Benign,0,0,2,1,0,0,0,0,0,1,0,1,0,1,0,0,0,2
C,G,Benign,0,1,2,0,1,0,0,0,0,1,0,0,1,1,0,1,2,1
C,T,Pathogenic,1,1,3,0,1,0,0,0,0,0,1,1,1,0,0,0,3,2
T,A,Pathogenic,1,3,0,0,0,0,1,1,0,0,0,0,0,0,0,1,0,3
T,G,Benign,0,3,2,0,0,0,1,0,0,1,0,0,0,1,0,1,6,1
G,A,Benign,0,2,0,0,0,1,0,1,0,0,0,1,1,0,0,0,0,2
T,C,Benign,0,3,1,0,0,0,1,0,1,0,0,1,0,1,0,0,3,2
T,G,Benign,0,3,2,0,0,0,1,0,0,1,0,0,0,1,0,1,6,1
A,C,Benign,0,0,1,1,0,0,0,0,1,0,0,0,0,1,1,0,0,1
T,C,Pathogenic,1,3,1,0,0,0,1,0,1,0,0,1,0,1,0,0,3,2
A,T,Benign,0,0,3,1,0,0,0,0,0,0,1,0,0,0,1,0,0,3
C,T,Pathogenic,1,1,3,0,1,0,0,0,0,0,1,1,1,0,0,0,3,2
T,G,Benign,0,3,2,0,0,0,1,0,0,1,0,0,0,1,0,1,6,1
C,G,Benign,0,1,2,0,1,0,0,0,0,1,0,0,1,1,0,1,2,1
T,A,Benign,0,3,0,0,0,0,1,1,0,0,0,0,0,0,0,1,0,3
A,G,Pathogenic,1,0,2,1,0,0,0,0,0,1,0,1,0,1,0,0,0,2
T,A,Benign,0,3,0,0,0,0,1,1,0,0,0,0,0,0,0,1,0,3
A,T,Benign,0,0,3,1,0,0,0,0,0,0,1,0,0,0,1,0,0,3
G,A,Pathogenic,1,2,0,0,0,1,0,1,0,0,0,1,1,0,0,0,0,2
T,C,Pathogenic,1,3,1,0,0,0,1,0,1,0,0,1,0,1,0,0,3,2
T,A,Pathogenic,1,3,0,0,0,0,1,1,0,0,0,0,0,0,0,1,0,3
A,C,Benign,0,0,1,1,0,0,0,0,1,0,0,0,0,1,1,0,0,1
G,A,Benign,0,2,0,0,0,1,0,1,0,0,0,1,1,0,0,0,0,2
A,T,Pathogenic,1,0,3,1,0,0,0,0,0,0,1,0,0,0,1,0,0,3
T,G,Benign,0,3,2,0,0,0,1,0,0,1,0,0,0,1,0,1,6,1
G,A,Benign,0,2,0,0,0,1,0,1,0,0,0,1,1,0,0,0,0,2
A,C,Benign,0,0,1,1,0,0,0,0,1,0,0,0,0,1,1,0,0,1
A,G,Pathogenic,1,0,2,1,0,0,0,0,0,1,0,1,0,1,0,0,0,2
A,T,Pathogenic,1,0,3,1,0,0,0,0,0,0,1,0,0,0,1,0,0,3
A,G,Benign,0,0,2,1,0,0,0,0,0,1,0,1,0,1,0,0,0,2
C,A,Benign,0,1,0,0,1,0,0,1,0,0,0,0,1,0,0,1,0,1
T,G,Benign,0,3,2,0,0,0,1,0,0,1,0,0,0,1,0,1,6,1
G,C,Pathogenic,1,2,1,0,0,1,0,0,1,0,0,0,1,1,1,0,2,1
G,T,Pathogenic,1,2,3,0,0,1,0,0,0,0,1,0,1,0,1,0,6,1
A,G,Benign,0,0,2,1,0,0,0,0,0,1,0,1,0,1,0,0,0,2
T,C,Benign,0,3,1,0,0,0,1,0,1,0,0,1,0,1,0,0,3,2
A,T,Pathogenic,1,0,3,1,0,0,0,0,0,0,1,0,0,0,1,0,0,3
T,G,Benign,0,3,2,0,0,0,1,0,0,1,0,0,0,1,0,1,6,1
T,G,Benign,0,3,2,0,0,0,1,0,0,1,0,0,0,1,0,1,6,1
A,C,Pathogenic,1,0,1,1,0,0,0,0,1,0,0,0,0,1,1,0,0,1
A,G,Benign,0,0,2,1,0,0,0,0,0,1,0,1,0,1,0,0,0,2
G,T,Benign,0,2,3,0,0,1,0,0,0,0,1,0,1,0,1,0,6,1
T,C,Pathogenic,1,3,1,0,0,0,1,0,1,0,0,1,0,1,0,0,3,2
A,T,Benign,0,0,3,1,0,0,0,0,0,0,1,0,0,0,1,0,0,3
A,G,Pathogenic,1,0,2,1,0,0,0,0,0,1,0,1,0,1,0,0,0,2
G,A,Benign,0,2,0,0,0,1,0,1,0,0,0,1,1,0,0,0,0,2
A,T,Benign,0,0,3,1,0,0,0,0,0,0,1,0,0,0,1,0,0,3
A,C,Benign,0,0,1,1,0,0,0,0,1,0,0,0,0,1,1,0,0,1
T,A,Benign,0,3,0,0,0,0,1,1,0,0,0,0,0,0,0,1,0,3
C,A,Benign,0,1,0,0,1,0,0,1,0,0,0,0,1,0,0,1,0,1
C,A,Benign,0,1,0,0,1,0,0,1,0,0,0,0,1,0,0,1,0,1
C,T,Pathogenic,1,1,3,0,1,0,0,0,0,0,1,1,1,0,0,0,3,2
T,G,Benign,0,3,2,0,0,0,1,0,0,1,0,0,0,1,0,1,6,1
G,C,Benign,0,2,1,0,0,1,0,0,1,0,0,0,1,1,1,0,2,1
T,G,Benign,0,3,2,0,0,0,1,0,0,1,0,0,0,1,0,1,6,1
C,G,Benign,0,1,2,0,1,0,0,0,0,1,0,0,1,1,0,1,2,1
C,T,Pathogenic,1,1,3,0,1,0,0,0,0,0,1,1,1,0,0,0,3,2
C,G,Benign,0,1,2,0,1,0,0,0,0,1,0,0,1,1,0,1,2,1
T,G,Benign,0,3,2,0,0,0,1,0,0,1,0,0,0,1,0,1,6,1
A,C,Pathogenic,1,0,1,1,0,0,0,0,1,0,0,0,0,1,1,0,0,1
A,T,Benign,0,0,3,1,0,0,0,0,0,0,1,0,0,0,1,0,0,3
C,A,Benign,0,1,0,0,1,0,0,1,0,0,0,0,1,0,0,1,0,1
A,C,Benign,0,0,1,1,0,0,0,0,1,0,0,0,0,1,1,0,0,1
A,G,Benign,0,0,2,1,0,0,0,0,0,1,0,1,0,1,0,0,0,2
A,C,Benign,0,0,1,1,0,0,0,0,1,0,0,0,0,1,1,0,0,1
G,T,Pathogenic,1,2,3,0,0,1,0,0,0,0,1,0,1,0,1,0,6,1
G,C,Benign,0,2,1,0,0,1,0,0,1,0,0,0,1,1,1,0,2,1
C,T,Pathogenic,1,1,3,0,1,0,0,0,0,0,1,1,1,0,0,0,3,2
G,C,Benign,0,2,1,0,0,1,0,0,1,0,0,0,1,1,1,0,2,1
C,A,Pathogenic,1,1,0,0,1,0,0,1,0,0,0,0,1,0,0,1,0,1
A,G,Benign,0,0,2,1,0,0,0,0,0,1,0,1,0,1,0,0,0,2
A,C,Benign,0,0,1,1,0,0,0,0,1,0,0,0,0,1,1,0,0,1
T,A,Benign,0,3,0,0,0,0,1,1,0,0,0,0,0,0,0,1,0,3
G,T,Benign,0,2,3,0,0,1,0,0,0,0,1,0,1,0,1,0,6,1
G,T,Pathogenic,1,2,3,0,0,1,0,0,0,0,1,0,1,0,1,0,6,1
T,A,Benign,0,3,0,0,0,0,1,1,0,0,0,0,0,0,0,1,0,3
C,G,Benign,0,1,2,0,1,0,0,0,0,1,0,0,1,1,0,1,2,1
A,C,Benign,0,0,1,1,0,0,0,0,1,0,0,0,0,1,1,0,0,1
T,A,Benign,0,3,0,0,0,0,1,1,0,0,0,0,0,0,0,1,0,3
C,G,Benign,0,1,2,0,1,0,0,0,0,1,0,0,1,1,0,1,2,1
C,G,Benign,0,1,2,0,1,0,0,0,0,1,0,0,1,1,0,1,2,1
A,T,Pathogenic,1,0,3,1,0,0,0,0,0,0,1,0,0,0,1,0,0,3
A,T,Benign,0,0,3,1,0,0,0,0,0,0,1,0,0,0,1,0,0,3
G,A,Benign,0,2,0,0,0,1,0,1,0,0,0,1,1,0,0,0,0,2
G,A,Benign,0,2,0,0,0,1,0,1,0,0,0,1,1,0,0,0,0,2
C,T,Benign,0,1,3,0,1,0,0,0,0,0,1,1,1,0,0,0,3,2
C,T,Benign,0,1,3,0,1,0,0,0,0,0,1,1,1,0,0,0,3,2
G,T,Benign,0,2,3,0,0,1,0,0,0,0,1,0,1,0,1,0,6,1
C,A,Benign,0,1,0,0,1,0,0,1,0,0,0,0,1,0,0,1,0,1
C,G,Benign,0,1,2,0,1,0,0,0,0,1,0,0,1,1,0,1,2,1
G,T,Benign,0,2,3,0,0,1,0,0,0,0,1,0,1,0,1,0,6,1
C,T,Pathogenic,1,1,3,0,1,0,0,0,0,0,1,1,1,0,0,0,3,2
G,C,Benign,0,2,1,0,0,1,0,0,1,0,0,0,1,1,1,0,2,1
T,G,Benign,0,3,2,0,0,0,1,0,0,1,0,0,0,1,0,1,6,1
C,G,Benign,0,1,2,0,1,0,0,0,0,1,0,0,1,1,0,1,2,1
G,T,Benign,0,2,3,0,0,1,0,0,0,0,1,0,1,0,1,0,6,1
G,T,Benign,0,2,3,0,0,1,0,0,0,0,1,0,1,0,1,0,6,1
T,C,Benign,0,3,1,0,0,0,1,0,1,0,0,1,0,1,0,0,3,2
T,A,Benign,0,3,0,0,0,0,1,1,0,0,0,0,0,0,0,1,0,3
A,T,Benign,0,0,3,1,0,0,0,0,0,0,1,0,0,0,1,0,0,3
G,T,Benign,0,2,3,0,0,1,0,0,0,0,1,0,1,0,1,0,6,1
A,C,Benign,0,0,1,1,0,0,0,0,1,0,0,0,0,1,1,0,0,1
T,A,Benign,0,3,0,0,0,0,1,1,0,0,0,0,0,0,0,1,0,3
C,A,Benign,0,1,0,0,1,0,0,1,0,0,0,0,1,0,0,1,0,1
A,T,Benign,0,0,3,1,0,0,0,0,0,0,1,0,0,0,1,0,0,3
C,A,Benign,0,1,0,0,1,0,0,1,0,0,0,0,1,0,0,1,0,1
A,C,Benign,0,0,1,1,0,0,0,0,1,0,0,0,0,1,1,0,0,1
T,G,Benign,0,3,2,0,0,0,1,0,0,1,0,0,0,1,0,1,6,1
G,T,Benign,0,2,3,0,0,1,0,0,0,0,1,0,1,0,1,0,6,1
C,A,Benign,0,1,0,0,1,0,0,1,0,0,0,0,1,0,0,1,0,1
A,G,Pathogenic,1,0,2,1,0,0,0,0,0,1,0,1,0,1,0,0,0,2
G,T,Benign,0,2,3,0,0,1,0,0,0,0,1,0,1,0,1,0,6,1
T,C,Benign,0,3,1,0,0,0,1,0,1,0,0,1,0,1,0,0,3,2
T,C,Benign,0,3,1,0,0,0,1,0,1,0,0,1,0,1,0,0,3,2
T,G,Benign,0,3,2,0,0,0,1,0,0,1,0,0,0,1,0,1,6,1
C,G,Benign,0,1,2,0,1,0,0,0,0,1,0,0,1,1,0,1,2,1
C,G,Benign,0,1,2,0,1,0,0,0,0,1,0,0,1,1,0,1,2,1
A,T,Benign,0,0,3,1,0,0,0,0,0,0,1,0,0,0,1,0,0,3
C,T,Pathogenic,1,1,3,0,1,0,0,0,0,0,1,1,1,0,0,0,3,2
G,C,Benign,0,2,1,0,0,1,0,0,1,0,0,0,1,1,1,0,2,1
G,A,Benign,0,2,0,0,0,1,0,1,0,0,0,1,1,0,0,0,0,2
C,T,Pathogenic,1,1,3,0,1,0,0,0,0,0,1,1,1,0,0,0,3,2
A,G,Benign,0,0,2,1,0,0,0,0,0,1,0,1,0,1,0,0,0,2
A,T,Benign,0,0,3,1,0,0,0,0,0,0,1,0,0,0,1,0,0,3
G,T,Benign,0,2,3,0,0,1,0,0,0,0,1,0,1,0,1,0,6,1
G,T,Benign,0,2,3,0,0,1,0,0,0,0,1,0,1,0,1,0,6,1
G,A,Pathogenic,1,2,0,0,0,1,0,1,0,0,0,1,1,0,0,0,0,2
G,C,Benign,0,2,1,0,0,1,0,0,1,0,0,0,1,1,1,0,2,1
T,G,Benign,0,3,2,0,0,0,1,0,0,1,0,0,0,1,0,1,6,1
C,G,Benign,0,1,2,0,1,0,0,0,0,1,0,0,1,1,0,1,2,1
T,G,Benign,0,3,2,0,0,0,1,0,0,1,0,0,0,1,0,1,6,1
A,C,Benign,0,0,1,1,0,0,0,0,1,0,0,0,0,1,1,0,0,1
C,A,Pathogenic,1,1,0,0,1,0,0,1,0,0,0,0,1,0,0,1,0,1
C,T,Pathogenic,1,1,3,0,1,0,0,0,0,0,1,1,1,0,0,0,3,2
T,A,Benign,0,3,0,0,0,0,1,1,0,0,0,0,0,0,0,1,0,3
T,A,Pathogenic,1,3,0,0,0,0,1,1,0,0,0,0,0,0,0,1,0,3
A,T,Pathogenic,1,0,3,1,0,0,0,0,0,0,1,0,0,0,1,0,0,3
G,A,Benign,0,2,0,0,0,1,0,1,0,0,0,1,1,0,0,0,0,2
T,A,Benign,0,3,0,0,0,0,1,1,0,0,0,0,0,0,0,1,0,3
T,G,Pathogenic,1,3,2,0,0,0,1,0,0,1,0,0,0,1,0,1,6,1
C,G,Benign,0,1,2,0,1,0,0,0,0,1,0,0,1,1,0,1,2,1
A,C,Benign,0,0,1,1,0,0,0,0,1,0,0,0,0,1,1,0,0,1
A,G,Benign,0,0,2,1,0,0,0,0,0,1,0,1,0,1,0,0,0,2
C,G,Benign,0,1,2,0,1,0,0,0,0,1,0,0,1,1,0,1,2,1
A,C,Benign,0,0,1,1,0,0,0,0,1,0,0,0,0,1,1,0,0,1
T,C,Benign,0,3,1,0,0,0,1,0,1,0,0,1,0,1,0,0,3,2
G,C,Benign,0,2,1,0,0,1,0,0,1,0,0,0,1,1,1,0,2,1
A,G,Benign,0,0,2,1,0,0,0,0,0,1,0,1,0,1,0,0,0,2
T,C,Pathogenic,1,3,1,0,0,0,1,0,1,0,0,1,0,1,0,0,3,2
A,T,Benign,0,0,3,1,0,0,0,0,0,0,1,0,0,0,1,0,0,3
G,T,Pathogenic,1,2,3,0,0,1,0,0,0,0,1,0,1,0,1,0,6,1
A,G,Benign,0,0,2,1,0,0,0,0,0,1,0,1,0,1,0,0,0,2
G,C,Pathogenic,1,2,1,0,0,1,0,0,1,0,0,0,1,1,1,0,2,1
A,T,Benign,0,0,3,1,0,0,0,0,0,0,1,0,0,0,1,0,0,3
C,T,Pathogenic,1,1,3,0,1,0,0,0,0,0,1,1,1,0,0,0,3,2
T,G,Pathogenic,1,3,2,0,0,0,1,0,0,1,0,0,0,1,0,1,6,1
C,G,Benign,0,1,2,0,1,0,0,0,0,1,0,0,1,1,0,1,2,1
G,C,Benign,0,2,1,0,0,1,0,0,1,0,0,0,1,1,1,0,2,1
A,C,Benign,0,0,1,1,0,0,0,0,1,0,0,0,0,1,1,0,0,1
A,G,Benign,0,0,2,1,0,0,0,0,0,1,0,1,0,1,0,0,0,2
T,G,Benign,0,3,2,0,0,0,1,0,0,1,0,0,0,1,0,1,6,1
G,T,Benign,0,2,3,0,0,1,0,0,0,0,1,0,1,0,1,0,6,1
A,T,Benign,0,0,3,1,0,0,0,0,0,0,1,0,0,0,1,0,0,3
C,A,Benign,0,1,0,0,1,0,0,1,0,0,0,0,1,0,0,1,0,1
T,A,Pathogenic,1,3,0,0,0,0,1,1,0,0,0,0,0,0,0,1,0,3
T,C,Benign,0,3,1,0,0,0,1,0,1,0,0,1,0,1,0,0,3,2
G,C,Benign,0,2,1,0,0,1,0,0,1,0,0,0,1,1,1,0,2,1
G,C,Benign,0,2,1,0,0,1,0,0,1,0,0,0,1,1,1,0,2,1
C,G,Benign,0,1,2,0,1,0,0,0,0,1,0,0,1,1,0,1,2,1
C,A,Pathogenic,1,1,0,0,1,0,0,1,0,0,0,0,1,0,0,1,0,1
G,C,Benign,0,2,1,0,0,1,0,0,1,0,0,0,1,1,1,0,2,1
G,C,Pathogenic,1,2,1,0,0,1,0,0,1,0,0,0,1,1,1,0,2,1
C,G,Benign,0,1,2,0,1,0,0,0,0,1,0,0,1,1,0,1,2,1
G,T,Pathogenic,1,2,3,0,0,1,0,0,0,0,1,0,1,0,1,0,6,1
G,T,Pathogenic,1,2,3,0,0,1,0,0,0,0,1,0,1,0,1,0,6,1
C,A,Benign,0,1,0,0,1,0,0,1,0,0,0,0,1,0,0,1,0,1
C,A,Benign,0,1,0,0,1,0,0,1,0,0,0,0,1,0,0,1,0,1
T,C,Benign,0,3,1,0,0,0,1,0,1,0,0,1,0,1,0,0,3,2
G,T,Benign,0,2,3,0,0,1,0,0,0,0,1,0,1,0,1,0,6,1
A,G,Benign,0,0,2,1,0,0,0,0,0,1,0,1,0,1,0,0,0,2
G,T,Benign,0,2,3,0,0,1,0,0,0,0,1,0,1,0,1,0,6,1
C,G,Benign,0,1,2,0,1,0,0,0,0,1,0,0,1,1,0,1,2,1
C,T,Pathogenic,1,1,3,0,1,0,0,0,0,0,1,1,1,0,0,0,3,2
A,C,Pathogenic,1,0,1,1,0,0,0,0,1,0,0,0,0,1,1,0,0,1
C,A,Benign,0,1,0,0,1,0,0,1,0,0,0,0,1,0,0,1,0,1
C,T,Pathogenic,1,1,3,0,1,0,0,0,0,0,1,1,1,0,0,0,3,2
G,A,Benign,0,2,0,0,0,1,0,1,0,0,0,1,1,0,0,0,0,2
G,C,Benign,0,2,1,0,0,1,0,0,1,0,0,0,1,1,1,0,2,1
G,C,Benign,0,2,1,0,0,1,0,0,1,0,0,0,1,1,1,0,2,1
G,T,Pathogenic,1,2,3,0,0,1,0,0,0,0,1,0,1,0,1,0,6,1
C,T,Benign,0,1,3,0,1,0,0,0,0,0,1,1,1,0,0,0,3,2
A,G,Benign,0,0,2,1,0,0,0,0,0,1,0,1,0,1,0,0,0,2
A,C,Benign,0,0,1,1,0,0,0,0,1,0,0,0,0,1,1,0,0,1
T,C,Benign,0,3,1,0,0,0,1,0,1,0,0,1,0,1,0,0,3,2
A,G,Pathogenic,1,0,2,1,0,0,0,0,0,1,0,1,0,1,0,0,0,2
C,A,Pathogenic,1,1,0,0,1,0,0,1,0,0,0,0,1,0,0,1,0,1
C,G,Pathogenic,1,1,2,0,1,0,0,0,0,1,0,0,1,1,0,1,2,1
A,G,Benign,0,0,2,1,0,0,0,0,0,1,0,1,0,1,0,0,0,2
A,G,Benign,0,0,2,1,0,0,0,0,0,1,0,1,0,1,0,0,0,2
T,A,Benign,0,3,0,0,0,0,1,1,0,0,0,0,0,0,0,1,0,3
C,A,Benign,0,1,0,0,1,0,0,1,0,0,0,0,1,0,0,1,0,1
C,T,Pathogenic,1,1,3,0,1,0,0,0,0,0,1,1,1,0,0,0,3,2
A,G,Pathogenic,1,0,2,1,0,0,0,0,0,1,0,1,0,1,0,0,0,2
G,A,Benign,0,2,0,0,0,1,0,1,0,0,0,1,1,0,0,0,0,2
A,C,Benign,0,0,1,1,0,0,0,0,1,0,0,0,0,1,1,0,0,1
T,G,Pathogenic,1,3,2,0,0,0,1,0,0,1,0,0,0,1,0,1,6,1
G,C,Pathogenic,1,2,1,0,0,1,0,0,1,0,0,0,1,1,1,0,2,1
G,C,Benign,0,2,1,0,0,1,0,0,1,0,0,0,1,1,1,0,2,1
G,T,Benign,0,2,3,0,0,1,0,0,0,0,1,0,1,0,1,0,6,1
G,C,Benign,0,2,1,0,0,1,0,0,1,0,0,0,1,1,1,0,2,1
C,G,Benign,0,1,2,0,1,0,0,0,0,1,0,0,1,1,0,1,2,1
C,A,Benign,0,1,0,0,1,0,0,1,0,0,0,0,1,0,0,1,0,1
C,G,Pathogenic,1,1,2,0,1,0,0,0,0,1,0,0,1,1,0,1,2,1
G,C,Pathogenic,1,2,1,0,0,1,0,0,1,0,0,0,1,1,1,0,2,1
A,T,Benign,0,0,3,1,0,0,0,0,0,0,1,0,0,0,1,0,0,3
A,T,Benign,0,0,3,1,0,0,0,0,0,0,1,0,0,0,1,0,0,3
C,T,Benign,0,1,3,0,1,0,0,0,0,0,1,1,1,0,0,0,3,2
C,A,Benign,0,1,0,0,1,0,0,1,0,0,0,0,1,0,0,1,0,1
G,A,Benign,0,2,0,0,0,1,0,1,0,0,0,1,1,0,0,0,0,2
A,T,Benign,0,0,3,1,0,0,0,0,0,0,1,0,0,0,1,0,0,3
T,G,Benign,0,3,2,0,0,0,1,0,0,1,0,0,0,1,0,1,6,1
G,T,Benign,0,2,3,0,0,1,0,0,0,0,1,0,1,0,1,0,6,1
A,C,Benign,0,0,1,1,0,0,0,0,1,0,0,0,0,1,1,0,0,1
G,T,Benign,0,2,3,0,0,1,0,0,0,0,1,0,1,0,1,0,6,1
G,C,Pathogenic,1,2,1,0,0,1,0,0,1,0,0,0,1,1,1,0,2,1
G,A,Benign,0,2,0,0,0,1,0,1,0,0,0,1,1,0,0,0,0,2
A,T,Pathogenic,1,0,3,1,0,0,0,0,0,0,1,0,0,0,1,0,0,3
A,G,Benign,0,0,2,1,0,0,0,0,0,1,0,1,0,1,0,0,0,2
T,G,Benign,0,3,2,0,0,0,1,0,0,1,0,0,0,1,0,1,6,1
T,C,Benign,0,3,1,0,0,0,1,0,1,0,0,1,0,1,0,0,3,2
G,C,Benign,0,2,1,0,0,1,0,0,1,0,0,0,1,1,1,0,2,1
G,C,Benign,0,2,1,0,0,1,0,0,1,0,0,0,1,1,1,0,2,1
G,T,Pathogenic,1,2,3,0,0,1,0,0,0,0,1,0,1,0,1,0,6,1
T,C,Benign,0,3,1,0,0,0,1,0,1,0,0,1,0,1,0,0,3,2
C,G,Benign,0,1,2,0,1,0,0,0,0,1,0,0,1,1,0,1,2,1
G,C,Benign,0,2,1,0,0,1,0,0,1,0,0,0,1,1,1,0,2,1
A,C,Benign,0,0,1,1,0,0,0,0,1,0,0,0,0,1,1,0,0,1
C,A,Pathogenic,1,1,0,0,1,0,0,1,0,0,0,0,1,0,0,1,0,1
T,C,Benign,0,3,1,0,0,0,1,0,1,0,0,1,0,1,0,0,3,2
C,T,Pathogenic,1,1,3,0,1,0,0,0,0,0,1,1,1,0,0,0,3,2
C,T,Pathogenic,1,1,3,0,1,0,0,0,0,0,1,1,1,0,0,0,3,2
A,G,Benign,0,0,2,1,0,0,0,0,0,1,0,1,0,1,0,0,0,2
C,T,Benign,0,1,3,0,1,0,0,0,0,0,1,1,1,0,0,0,3,2
T,G,Benign,0,3,2,0,0,0,1,0,0,1,0,0,0,1,0,1,6,1
G,C,Benign,0,2,1,0,0,1,0,0,1,0,0,0,1,1,1,0,2,1
A,T,Benign,0,0,3,1,0,0,0,0,0,0,1,0,0,0,1,0,0,3
A,C,Benign,0,0,1,1,0,0,0,0,1,0,0,0,0,1,1,0,0,1
A,T,Benign,0,0,3,1,0,0,0,0,0,0,1,0,0,0,1,0,0,3
G,C,Benign,0,2,1,0,0,1,0,0,1,0,0,0,1,1,1,0,2,1
G,A,Benign,0,2,0,0,0,1,0,1,0,0,0,1,1,0,0,0,0,2
C,G,Benign,0,1,2,0,1,0,0,0,0,1,0,0,1,1,0,1,2,1
A,C,Benign,0,0,1,1,0,0,0,0,1,0,0,0,0,1,1,0,0,1
G,T,Pathogenic,1,2,3,0,0,1,0,0,0,0,1,0,1,0,1,0,6,1
T,G,Pathogenic,1,3,2,0,0,0,1,0,0,1,0,0,0,1,0,1,6,1
A,C,Benign,0,0,1,1,0,0,0,0,1,0,0,0,0,1,1,0,0,1
C,A,Benign,0,1,0,0,1,0,0,1,0,0,0,0,1,0,0,1,0,1
C,G,Benign,0,1,2,0,1,0,0,0,0,1,0,0,1,1,0,1,2,1
C,A,Benign,0,1,0,0,1,0,0,1,0,0,0,0,1,0,0,1,0,1
G,C,Benign,0,2,1,0,0,1,0,0,1,0,0,0,1,1,1,0,2,1
A,G,Benign,0,0,2,1,0,0,0,0,0,1,0,1,0,1,0,0,0,2
C,T,Pathogenic,1,1,3,0,1,0,0,0,0,0,1,1,1,0,0,0,3,2
C,G,Benign,0,1,2,0,1,0,0,0,0,1,0,0,1,1,0,1,2,1
T,A,Benign,0,3,0,0,0,0,1,1,0,0,0,0,0,0,0,1,0,3
A,C,Benign,0,0,1,1,0,0,0,0,1,0,0,0,0,1,1,0,0,1
C,T,Pathogenic,1,1,3,0,1,0,0,0,0,0,1,1,1,0,0,0,3,2
T,C,Benign,0,3,1,0,0,0,1,0,1,0,0,1,0,1,0,0,3,2
A,G,Pathogenic,1,0,2,1,0,0,0,0,0,1,0,1,0,1,0,0,0,2
G,C,Benign,0,2,1,0,0,1,0,0,1,0,0,0,1,1,1,0,2,1
C,A,Pathogenic,1,1,0,0,1,0,0,1,0,0,0,0,1,0,0,1,0,1
A,T,Benign,0,0,3,1,0,0,0,0,0,0,1,0,0,0,1,0,0,3
G,T,Pathogenic,1,2,3,0,0,1,0,0,0,0,1,0,1,0,1,0,6,1
T,C,Benign,0,3,1,0,0,0,1,0,1,0,0,1,0,1,0,0,3,2
T,A,Benign,0,3,0,0,0,0,1,1,0,0,0,0,0,0,0,1,0,3
G,A,Benign,0,2,0,0,0,1,0,1,0,0,0,1,1,0,0,0,0,2
G,T,Benign,0,2,3,0,0,1,0,0,0,0,1,0,1,0,1,0,6,1
C,G,Pathogenic,1,1,2,0,1,0,0,0,0,1,0,0,1,1,0,1,2,1
C,T,Pathogenic,1,1,3,0,1,0,0,0,0,0,1,1,1,0,0,0,3,2
G,C,Pathogenic,1,2,1,0,0,1,0,0,1,0,0,0,1,1,1,0,2,1
C,T,Pathogenic,1,1,3,0,1,0,0,0,0,0,1,1,1,0,0,0,3,2
G,C,Benign,0,2,1,0,0,1,0,0,1,0,0,0,1,1,1,0,2,1
G,C,Pathogenic,1,2,1,0,0,1,0,0,1,0,0,0,1,1,1,0,2,1
C,G,Pathogenic,1,1,2,0,1,0,0,0,0,1,0,0,1,1,0,1,2,1
T,G,Benign,0,3,2,0,0,0,1,0,0,1,0,0,0,1,0,1,6,1
C,A,Benign,0,1,0,0,1,0,0,1,0,0,0,0,1,0,0,1,0,1
A,T,Benign,0,0,3,1,0,0,0,0,0,0,1,0,0,0,1,0,0,3
T,A,Pathogenic,1,3,0,0,0,0,1,1,0,0,0,0,0,0,0,1,0,3
G,A,Benign,0,2,0,0,0,1,0,1,0,0,0,1,1,0,0,0,0,2
T,A,Benign,0,3,0,0,0,0,1,1,0,0,0,0,0,0,0,1,0,3
T,G,Benign,0,3,2,0,0,0,1,0,0,1,0,0,0,1,0,1,6,1
A,T,Benign,0,0,3,1,0,0,0,0,0,0,1,0,0,0,1,0,0,3
G,T,Benign,0,2,3,0,0,1,0,0,0,0,1,0,1,0,1,0,6,1
G,A,Benign,0,2,0,0,0,1,0,1,0,0,0,1,1,0,0,0,0,2
T,G,Pathogenic,1,3,2,0,0,0,1,0,0,1,0,0,0,1,0,1,6,1
G,C,Benign,0,2,1,0,0,1,0,0,1,0,0,0,1,1,1,0,2,1
C,G,Benign,0,1,2,0,1,0,0,0,0,1,0,0,1,1,0,1,2,1
T,C,Pathogenic,1,3,1,0,0,0,1,0,1,0,0,1,0,1,0,0,3,2
G,A,Benign,0,2,0,0,0,1,0,1,0,0,0,1,1,0,0,0,0,2
G,T,Benign,0,2,3,0,0,1,0,0,0,0,1,0,1,0,1,0,6,1
C,G,Benign,0,1,2,0,1,0,0,0,0,1,0,0,1,1,0,1,2,1
T,C,Benign,0,3,1,0,0,0,1,0,1,0,0,1,0,1,0,0,3,2
C,G,Benign,0,1,2,0,1,0,0,0,0,1,0,0,1,1,0,1,2,1
G,A,Benign,0,2,0,0,0,1,0,1,0,0,0,1,1,0,0,0,0,2
G,T,Benign,0,2,3,0,0,1,0,0,0,0,1,0,1,0,1,0,6,1
T,A,Benign,0,3,0,0,0,0,1,1,0,0,0,0,0,0,0,1,0,3
A,C,Pathogenic,1,0,1,1,0,0,0,0,1,0,0,0,0,1,1,0,0,1
G,T,Pathogenic,1,2,3,0,0,1,0,0,0,0,1,0,1,0,1,0,6,1
A,T,Benign,0,0,3,1,0,0,0,0,0,0,1,0,0,0,1,0,0,3
G,A,Benign,0,2,0,0,0,1,0,1,0,0,0,1,1,0,0,0,0,2
A,G,Benign,0,0,2,1,0,0,0,0,0,1,0,1,0,1,0,0,0,2
T,G,Benign,0,3,2,0,0,0,1,0,0,1,0,0,0,1,0,1,6,1
C,T,Pathogenic,1,1,3,0,1,0,0,0,0,0,1,1,1,0,0,0,3,2
T,A,Benign,0,3,0,0,0,0,1,1,0,0,0,0,0,0,0,1,0,3
T,A,Benign,0,3,0,0,0,0,1,1,0,0,0,0,0,0,0,1,0,3
A,T,Benign,0,0,3,1,0,0,0,0,0,0,1,0,0,0,1,0,0,3
T,C,Benign,0,3,1,0,0,0,1,0,1,0,0,1,0,1,0,0,3,2
T,G,Benign,0,3,2,0,0,0,1,0,0,1,0,0,0,1,0,1,6,1
C,T,Pathogenic,1,1,3,0,1,0,0,0,0,0,1,1,1,0,0,0,3,2
T,C,Benign,0,3,1,0,0,0,1,0,1,0,0,1,0,1,0,0,3,2
G,T,Pathogenic,1,2,3,0,0,1,0,0,0,0,1,0,1,0,1,0,6,1
G,T,Benign,0,2,3,0,0,1,0,0,0,0,1,0,1,0,1,0,6,1
T,A,Benign,0,3,0,0,0,0,1,1,0,0,0,0,0,0,0,1,0,3
C,T,Pathogenic,1,1,3,0,1,0,0,0,0,0,1,1,1,0,0,0,3,2
G,T,Benign,0,2,3,0,0,1,0,0,0,0,1,0,1,0,1,0,6,1
T,C,Benign,0,3,1,0,0,0,1,0,1,0,0,1,0,1,0,0,3,2
C,T,Pathogenic,1,1,3,0,1,0,0,0,0,0,1,1,1,0,0,0,3,2
T,G,Benign,0,3,2,0,0,0,1,0,0,1,0,0,0,1,0,1,6,1
A,T,Benign,0,0,3,1,0,0,0,0,0,0,1,0,0,0,1,0,0,3
A,T,Pathogenic,1,0,3,1,0,0,0,0,0,0,1,0,0,0,1,0,0,3
T,A,Benign,0,3,0,0,0,0,1,1,0,0,0,0,0,0,0,1,0,3
G,A,Benign,0,2,0,0,0,1,0,1,0,0,0,1,1,0,0,0,0,2
C,G,Benign,0,1,2,0,1,0,0,0,0,1,0,0,1,1,0,1,2,1
G,C,Pathogenic,1,2,1,0,0,1,0,0,1,0,0,0,1,1,1,0,2,1
G,A,Benign,0,2,0,0,0,1,0,1,0,0,0,1,1,0,0,0,0,2
G,T,Pathogenic,1,2,3,0,0,1,0,0,0,0,1,0,1,0,1,0,6,1
T,A,Benign,0,3,0,0,0,0,1,1,0,0,0,0,0,0,0,1,0,3
C,A,Benign,0,1,0,0,1,0,0,1,0,0,0,0,1,0,0,1,0,1
T,G,Pathogenic,1,3,2,0,0,0,1,0,0,1,0,0,0,1,0,1,6,1
G,C,Benign,0,2,1,0,0,1,0,0,1,0,0,0,1,1,1,0,2,1
G,C,Benign,0,2,1,0,0,1,0,0,1,0,0,0,1,1,1,0,2,1
G,C,Benign,0,2,1,0,0,1,0,0,1,0,0,0,1,1,1,0,2,1
A,C,Pathogenic,1,0,1,1,0,0,0,0,1,0,0,0,0,1,1,0,0,1
G,A,Pathogenic,1,2,0,0,0,1,0,1,0,0,0,1,1,0,0,0,0,2
A,C,Benign,0,0,1,1,0,0,0,0,1,0,0,0,0,1,1,0,0,1
G,C,Benign,0,2,1,0,0,1,0,0,1,0,0,0,1,1,1,0,2,1
C,A,Benign,0,1,0,0,1,0,0,1,0,0,0,0,1,0,0,1,0,1
C,T,Pathogenic,1,1,3,0,1,0,0,0,0,0,1,1,1,0,0,0,3,2
A,G,Benign,0,0,2,1,0,0,0,0,0,1,0,1,0,1,0,0,0,2
A,T,Benign,0,0,3,1,0,0,0,0,0,0,1,0,0,0,1,0,0,3
T,G,Pathogenic,1,3,2,0,0,0,1,0,0,1,0,0,0,1,0,1,6,1
G,C,Benign,0,2,1,0,0,1,0,0,1,0,0,0,1,1,1,0,2,1
T,G,Pathogenic,1,3,2,0,0,0,1,0,0,1,0,0,0,1,0,1,6,1
A,G,Benign,0,0,2,1,0,0,0,0,0,1,0,1,0,1,0,0,0,2
C,A,Benign,0,1,0,0,1,0,0,1,0,0,0,0,1,0,0,1,0,1
G,C,Pathogenic,1,2,1,0,0,1,0,0,1,0,0,0,1,1,1,0,2,1
T,A,Benign,0,3,0,0,0,0,1,1,0,0,0,0,0,0,0,1,0,3
T,G,Benign,0,3,2,0,0,0,1,0,0,1,0,0,0,1,0,1,6,1
G,A,Benign,0,2,0,0,0,1,0,1,0,0,0,1,1,0,0,0,0,2
G,A,Benign,0,2,0,0,0,1,0,1,0,0,0,1,1,0,0,0,0,2
C,A,Benign,0,1,0,0,1,0,0,1,0,0,0,0,1,0,0,1,0,1
C,G,Benign,0,1,2,0,1,0,0,0,0,1,0,0,1,1,0,1,2,1
C,A,Benign,0,1,0,0,1,0,0,1,0,0,0,0,1,0,0,1,0,1
T,C,Pathogenic,1,3,1,0,0,0,1,0,1,0,0,1,0,1,0,0,3,2
T,G,Benign,0,3,2,0,0,0,1,0,0,1,0,0,0,1,0,1,6,1
A,T,Benign,0,0,3,1,0,0,0,0,0,0,1,0,0,0,1,0,0,3
T,G,Benign,0,3,2,0,0,0,1,0,0,1,0,0,0,1,0,1,6,1
A,C,Benign,0,0,1,1,0,0,0,0,1,0,0,0,0,1,1,0,0,1
G,T,Pathogenic,1,2,3,0,0,1,0,0,0,0,1,0,1,0,1,0,6,1
G,T,Benign,0,2,3,0,0,1,0,0,0,0,1,0,1,0,1,0,6,1
A,T,Pathogenic,1,0,3,1,0,0,0,0,0,0,1,0,0,0,1,0,0,3
T,G,Benign,0,3,2,0,0,0,1,0,0,1,0,0,0,1,0,1,6,1
G,T,Pathogenic,1,2,3,0,0,1,0,0,0,0,1,0,1,0,1,0,6,1
C,A,Benign,0,1,0,0,1,0,0,1,0,0,0,0,1,0,0,1,0,1
G,C,Pathogenic,1,2,1,0,0,1,0,0,1,0,0,0,1,1,1,0,2,1
C,T,Pathogenic,1,1,3,0,1,0,0,0,0,0,1,1,1,0,0,0,3,2
T,C,Pathogenic,1,3,1,0,0,0,1,0,1,0,0,1,0,1,0,0,3,2
A,G,Benign,0,0,2,1,0,0,0,0,0,1,0,1,0,1,0,0,0,2
C,A,Benign,0,1,0,0,1,0,0,1,0,0,0,0,1,0,0,1,0,1
C,G,Benign,0,1,2,0,1,0,0,0,0,1,0,0,1,1,0,1,2,1
A,T,Benign,0,0,3,1,0,0,0,0,0,0,1,0,0,0,1,0,0,3
G,C,Benign,0,2,1,0,0,1,0,0,1,0,0,0,1,1,1,0,2,1
A,T,Benign,0,0,3,1,0,0,0,0,0,0,1,0,0,0,1,0,0,3
C,T,Benign,0,1,3,0,1,0,0,0,0,0,1,1,1,0,0,0,3,2
C,G,Benign,0,1,2,0,1,0,0,0,0,1,0,0,1,1,0,1,2,1
C,A,Benign,0,1,0,0,1,0,0,1,0,0,0,0,1,0,0,1,0,1
G,T,Benign,0,2,3,0,0,1,0,0,0,0,1,0,1,0,1,0,6,1
G,C,Benign,0,2,1,0,0,1,0,0,1,0,0,0,1,1,1,0,2,1
G,T,Pathogenic,1,2,3,0,0,1,0,0,0,0,1,0,1,0,1,0,6,1
C,A,Pathogenic,1,1,0,0,1,0,0,1,0,0,0,0,1,0,0,1,0,1
A,C,Benign,0,0,1,1,0,0,0,0,1,0,0,0,0,1,1,0,0,1
T,A,Benign,0,3,0,0,0,0,1,1,0,0,0,0,0,0,0,1,0,3
T,G,Pathogenic,1,3,2,0,0,0,1,0,0,1,0,0,0,1,0,1,6,1
G,C,Benign,0,2,1,0,0,1,0,0,1,0,0,0,1,1,1,0,2,1
T,G,Benign,0,3,2,0,0,0,1,0,0,1,0,0,0,1,0,1,6,1
A,C,Benign,0,0,1,1,0,0,0,0,1,0,0,0,0,1,1,0,0,1
T,A,Benign,0,3,0,0,0,0,1,1,0,0,0,0,0,0,0,1,0,3
T,A,Benign,0,3,0,0,0,0,1,1,0,0,0,0,0,0,0,1,0,3
A,G,Benign,0,0,2,1,0,0,0,0,0,1,0,1,0,1,0,0,0,2
G,T,Benign,0,2,3,0,0,1,0,0,0,0,1,0,1,0,1,0,6,1
T,C,Pathogenic,1,3,1,0,0,0,1,0,1,0,0,1,0,1,0,0,3,2
T,A,Benign,0,3,0,0,0,0,1,1,0,0,0,0,0,0,0,1,0,3
T,C,Benign,0,3,1,0,0,0,1,0,1,0,0,1,0,1,0,0,3,2
G,A,Benign,0,2,0,0,0,1,0,1,0,0,0,1,1,0,0,0,0,2
A,C,Benign,0,0,1,1,0,0,0,0,1,0,0,0,0,1,1,0,0,1
C,T,Pathogenic,1,1,3,0,1,0,0,0,0,0,1,1,1,0,0,0,3,2
T,A,Benign,0,3,0,0,0,0,1,1,0,0,0,0,0,0,0,1,0,3
G,C,Benign,0,2,1,0,0,1,0,0,1,0,0,0,1,1,1,0,2,1
T,A,Pathogenic,1,3,0,0,0,0,1,1,0,0,0,0,0,0,0,1,0,3
A,G,Pathogenic,1,0,2,1,0,0,0,0,0,1,0,1,0,1,0,0,0,2
C,A,Benign,0,1,0,0,1,0,0,1,0,0,0,0,1,0,0,1,0,1
C,A,Benign,0,1,0,0,1,0,0,1,0,0,0,0,1,0,0,1,0,1
T,A,Benign,0,3,0,0,0,0,1,1,0,0,0,0,0,0,0,1,0,3
C,T,Pathogenic,1,1,3,0,1,0,0,0,0,0,1,1,1,0,0,0,3,2
G,C,Benign,0,2,1,0,0,1,0,0,1,0,0,0,1,1,1,0,2,1
G,T,Pathogenic,1,2,3,0,0,1,0,0,0,0,1,0,1,0,1,0,6,1
G,C,Benign,0,2,1,0,0,1,0,0,1,0,0,0,1,1,1,0,2,1
C,T,Benign,0,1,3,0,1,0,0,0,0,0,1,1,1,0,0,0,3,2
T,A,Benign,0,3,0,0,0,0,1,1,0,0,0,0,0,0,0,1,0,3
G,T,Benign,0,2,3,0,0,1,0,0,0,0,1,0,1,0,1,0,6,1
C,T,Pathogenic,1,1,3,0,1,0,0,0,0,0,1,1,1,0,0,0,3,2
T,A,Benign,0,3,0,0,0,0,1,1,0,0,0,0,0,0,0,1,0,3
G,C,Benign,0,2,1,0,0,1,0,0,1,0,0,0,1,1,1,0,2,1
T,G,Benign,0,3,2,0,0,0,1,0,0,1,0,0,0,1,0,1,6,1
G,T,Benign,0,2,3,0,0,1,0,0,0,0,1,0,1,0,1,0,6,1
C,A,Benign,0,1,0,0,1,0,0,1,0,0,0,0,1,0,0,1,0,1
G,C,Benign,0,2,1,0,0,1,0,0,1,0,0,0,1,1,1,0,2,1
A,T,Pathogenic,1,0,3,1,0,0,0,0,0,0,1,0,0,0,1,0,0,3
C,G,Benign,0,1,2,0,1,0,0,0,0,1,0,0,1,1,0,1,2,1
A,C,Benign,0,0,1,1,0,0,0,0,1,0,0,0,0,1,1,0,0,1
C,G,Benign,0,1,2,0,1,0,0,0,0,1,0,0,1,1,0,1,2,1
T,C,Benign,0,3,1,0,0,0,1,0,1,0,0,1,0,1,0,0,3,2
T,C,Pathogenic,1,3,1,0,0,0,1,0,1,0,0,1,0,1,0,0,3,2
G,C,Benign,0,2,1,0,0,1,0,0,1,0,0,0,1,1,1,0,2,1
G,A,Benign,0,2,0,0,0,1,0,1,0,0,0,1,1,0,0,0,0,2
C,A,Pathogenic,1,1,0,0,1,0,0,1,0,0,0,0,1,0,0,1,0,1
A,T,Benign,0,0,3,1,0,0,0,0,0,0,1,0,0,0,1,0,0,3
G,C,Benign,0,2,1,0,0,1,0,0,1,0,0,0,1,1,1,0,2,1
C,A,Pathogenic,1,1,0,0,1,0,0,1,0,0,0,0,1,0,0,1,0,1
C,A,Pathogenic,1,1,0,0,1,0,0,1,0,0,0,0,1,0,0,1,0,1
A,G,Benign,0,0,2,1,0,0,0,0,0,1,0,1,0,1,0,0,0,2
C,A,Pathogenic,1,1,0,0,1,0,0,1,0,0,0,0,1,0,0,1,0,1
A,T,Pathogenic,1,0,3,1,0,0,0,0,0,0,1,0,0,0,1,0,0,3
G,A,Benign,0,2,0,0,0,1,0,1,0,0,0,1,1,0,0,0,0,2
A,T,Benign,0,0,3,1,0,0,0,0,0,0,1,0,0,0,1,0,0,3
C,G,Benign,0,1,2,0,1,0,0,0,0,1,0,0,1,1,0,1,2,1
C,A,Benign,0,1,0,0,1,0,0,1,0,0,0,0,1,0,0,1,0,1
G,T,Benign,0,2,3,0,0,1,0,0,0,0,1,0,1,0,1,0,6,1
G,T,Benign,0,2,3,0,0,1,0,0,0,0,1,0,1,0,1,0,6,1
C,T,Pathogenic,1,1,3,0,1,0,0,0,0,0,1,1,1,0,0,0,3,2
